item_id,supplier_id,item_name,category,size,unit_cost,selling_price,current_stock,rop_warning,abc_category,is_active,created_at,updated_at
1,3,Awards,Metal,,541.75,985.0,25,0,,1,2024-01-01 00:00:00,2024-01-01 00:00:00
2,1,Patrol Shirt,Clothes,,840.0,1400.0,15,0,,1,2024-01-01 00:00:00,2024-01-01 00:00:00
3,6,Patrol Shoes,Shoes,,1330.0,1900.0,2,0,,1,2024-01-01 00:00:00,2024-01-01 00:00:00
4,2,Handcuffs,Equipment,,422.5,650.0,18,0,,1,2024-01-01 00:00:00,2024-01-01 00:00:00
5,4,1D Patch,Patches,,24.75,55.0,107,0,,1,2024-01-01 00:00:00,2024-01-01 00:00:00
6,1,Pavehawk,Clothes,,600.0,1000.0,13,0,,1,2024-01-01 00:00:00,2024-01-01 00:00:00
7,4,Name Cloth,Patches,,18.0,40.0,114,0,,1,2024-01-01 00:00:00,2024-01-01 00:00:00
8,1,Goa Pants,Clothes,,420.0,700.0,5,0,,1,2024-01-01 00:00:00,2024-01-01 00:00:00
9,2,Vest,Equipment,,780.0,1200.0,13,0,,1,2024-01-01 00:00:00,2024-01-01 00:00:00
10,6,Gibson Lites,Shoes,,1400.0,2000.0,24,0,,1,2024-01-01 00:00:00,2024-01-01 00:00:00
11,2,Baton,Equipment,,195.0,300.0,22,0,,1,2024-01-01 00:00:00,2024-01-01 00:00:00
12,1,Tactical Pants,Clothes,,540.0,900.0,21,0,,1,2024-01-01 00:00:00,2024-01-01 00:00:00
13,1,Pershing Cap,Clothes,,420.0,700.0,21,0,,1,2024-01-01 00:00:00,2024-01-01 00:00:00
14,6,Combat Shoes,Shoes,,1260.0,1800.0,24,0,,1,2024-01-01 00:00:00,2024-01-01 00:00:00
15,1,Goa C,Clothes,,540.0,900.0,13,0,,1,2024-01-01 00:00:00,2024-01-01 00:00:00
16,1,Goa B,Clothes,,510.0,850.0,0,1,,1,2024-01-01 00:00:00,2024-01-01 00:00:00
17,1,Botak,Clothes,,39.0,65.0,38,0,,1,2024-01-01 00:00:00,2024-01-01 00:00:00
18,1,V-Neck,Clothes,,72.0,120.0,52,0,,1,2024-01-01 00:00:00,2024-01-01 00:00:00
19,1,Cycling,Clothes,,39.0,65.0,10,0,,1,2024-01-01 00:00:00,2024-01-01 00:00:00
20,3,Nameplate,Metal,,137.5,250.0,25,0,,1,2024-01-01 00:00:00,2024-01-01 00:00:00
21,6,Bota,Shoes,,210.0,300.0,20,0,,1,2024-01-01 00:00:00,2024-01-01 00:00:00
22,1,Patrol Shirt Old,Clothes,,390.0,650.0,22,0,,1,2024-01-01 00:00:00,2024-01-01 00:00:00
23,3,Badge,Metal,,27.5,50.0,38,0,,1,2024-01-01 00:00:00,2024-01-01 00:00:00
24,1,Filed Service Uniform,Clothes,,1380.0,2300.0,21,0,,1,2024-01-01 00:00:00,2024-01-01 00:00:00
25,2,Rig Girsan,Equipment,,1105.0,1700.0,16,0,,1,2024-01-01 00:00:00,2024-01-01 00:00:00
26,6,Lites,Shoes,,1400.0,2000.0,20,0,,1,2024-01-01 00:00:00,2024-01-01 00:00:00
27,1,Pavehawk Pants,Clothes,,600.0,1000.0,18,0,,1,2024-01-01 00:00:00,2024-01-01 00:00:00
28,1,Sar Pnco,Clothes,,600.0,1000.0,13,0,,1,2024-01-01 00:00:00,2024-01-01 00:00:00
29,6,A Shoes,Shoes,,1330.0,1900.0,31,0,,1,2024-01-01 00:00:00,2024-01-01 00:00:00
30,2,Duyan,Equipment,,227.5,350.0,14,0,,1,2024-01-01 00:00:00,2024-01-01 00:00:00
31,2,Poncho,Equipment,,195.0,300.0,9,0,,1,2024-01-01 00:00:00,2024-01-01 00:00:00
32,5,Pcol Buckle,Accessories,,1375.0,2500.0,30,0,,1,2024-01-01 00:00:00,2024-01-01 00:00:00
33,4,Logo,Patches,,51.75,115.0,125,0,,1,2024-01-01 00:00:00,2024-01-01 00:00:00
34,6,Cs Volts,Shoes,,1617.0,2310.0,17,0,,1,2024-01-01 00:00:00,2024-01-01 00:00:00
35,1,A Pants,Clothes,,405.0,675.0,26,0,,1,2024-01-01 00:00:00,2024-01-01 00:00:00
36,1,Fsu,Clothes,,1380.0,2300.0,28,0,,1,2024-01-01 00:00:00,2024-01-01 00:00:00
37,1,Og,Clothes,,72.0,120.0,16,0,,1,2024-01-01 00:00:00,2024-01-01 00:00:00
38,1,Sar Uniform,Clothes,,540.0,900.0,26,0,,1,2024-01-01 00:00:00,2024-01-01 00:00:00
39,1,Bullcap,Clothes,,210.0,350.0,22,0,,1,2024-01-01 00:00:00,2024-01-01 00:00:00
40,1,Tmru Shirt,Clothes,,495.0,825.0,22,0,,1,2024-01-01 00:00:00,2024-01-01 00:00:00
41,6,Combat,Shoes,,1435.0,2050.0,25,0,,1,2024-01-01 00:00:00,2024-01-01 00:00:00
42,2,Rig Tisas,Equipment,,1300.0,2000.0,19,0,,1,2024-01-01 00:00:00,2024-01-01 00:00:00
43,5,Police Major Pershing,Accessories,,2200.0,4000.0,37,0,,1,2024-01-01 00:00:00,2024-01-01 00:00:00
44,6,Gibson,Shoes,,1400.0,2000.0,28,0,,1,2024-01-01 00:00:00,2024-01-01 00:00:00
45,6,Clarino Gibson,Shoes,,1400.0,2000.0,30,0,,1,2024-01-01 00:00:00,2024-01-01 00:00:00
46,2,Mess Kit,Equipment,,633.75,975.0,27,0,,1,2024-01-01 00:00:00,2024-01-01 00:00:00
47,6,Gibson Lites 10,Shoes,,1365.0,1950.0,35,0,,1,2024-01-01 00:00:00,2024-01-01 00:00:00
48,2,School Supplies,Equipment,,227.5,350.0,20,0,,1,2024-01-01 00:00:00,2024-01-01 00:00:00
49,2,Metal Detector,Equipment,,1235.0,1900.0,32,0,,1,2024-01-01 00:00:00,2024-01-01 00:00:00
50,6,Midcut,Shoes,,2660.0,3800.0,33,0,,1,2024-01-01 00:00:00,2024-01-01 00:00:00
51,1,Lis Ath,Clothes,,570.0,950.0,34,0,,1,2024-01-01 00:00:00,2024-01-01 00:00:00
52,6,Cs Boots,Shoes,,2590.0,3700.0,28,0,,1,2024-01-01 00:00:00,2024-01-01 00:00:00
53,1,Pixilized Cs Volts,Clothes,,2220.0,3700.0,35,0,,1,2024-01-01 00:00:00,2024-01-01 00:00:00
54,2,Pito Carabiner,Equipment,,97.5,150.0,12,0,,1,2024-01-01 00:00:00,2024-01-01 00:00:00
55,1,A Shirt,Clothes,,240.0,400.0,10,0,,1,2024-01-01 00:00:00,2024-01-01 00:00:00
56,6,Combat Boots,Shoes,,1260.0,1800.0,22,0,,1,2024-01-01 00:00:00,2024-01-01 00:00:00
57,2,Mag Pouch,Equipment,,390.0,600.0,15,0,,1,2024-01-01 00:00:00,2024-01-01 00:00:00
58,5,Bullcap W Patch,Accessories,,192.5,350.0,1,1,,1,2024-01-01 00:00:00,2024-01-01 00:00:00
59,1,Black Socks,Clothes,,48.0,80.0,22,0,,1,2024-01-01 00:00:00,2024-01-01 00:00:00
60,6,While Rubber Shoes Peak,Shoes,,2380.0,3400.0,18,0,,1,2024-01-01 00:00:00,2024-01-01 00:00:00
61,2,Sling Bag,Equipment,,552.5,850.0,22,0,,1,2024-01-01 00:00:00,2024-01-01 00:00:00
62,1,Cloth,Clothes,,72.0,120.0,74,0,,1,2024-01-01 00:00:00,2024-01-01 00:00:00
63,1,White Socks,Clothes,,48.0,80.0,19,0,,1,2024-01-01 00:00:00,2024-01-01 00:00:00
64,2,Flight,Equipment,,130.0,200.0,12,0,,1,2024-01-01 00:00:00,2024-01-01 00:00:00
65,6,Midcut Cs Volts 9,Shoes,,2310.0,3300.0,9,0,,1,2024-01-01 00:00:00,2024-01-01 00:00:00
66,6,Midcut Cs Volts 11,Shoes,,2310.0,3300.0,18,0,,1,2024-01-01 00:00:00,2024-01-01 00:00:00
67,1,Sg Pants,Clothes,,156.0,260.0,18,0,,1,2024-01-01 00:00:00,2024-01-01 00:00:00
68,2,Holster,Equipment,,390.0,600.0,31,0,,1,2024-01-01 00:00:00,2024-01-01 00:00:00
69,3,Garrison Buckle,Metal,,99.0,180.0,9,0,,1,2024-01-01 00:00:00,2024-01-01 00:00:00
70,4,1D Security Patch,Patches,,1350.0,3000.0,19,0,,1,2024-01-01 00:00:00,2024-01-01 00:00:00
71,1,Ripstop Pixilized,Clothes,,1800.0,3000.0,23,0,,1,2024-01-01 00:00:00,2024-01-01 00:00:00
72,4,1D Cloth Patch,Patches,,27.0,60.0,0,1,,1,2024-01-01 00:00:00,2024-01-01 00:00:00
73,2,Baton Pouch,Equipment,,195.0,300.0,20,0,,1,2024-01-01 00:00:00,2024-01-01 00:00:00
74,4,Patch,Patches,,13.5,30.0,89,0,,1,2024-01-01 00:00:00,2024-01-01 00:00:00
75,2,Large Flashlight,Equipment,,195.0,300.0,26,0,,1,2024-01-01 00:00:00,2024-01-01 00:00:00
76,5,Tactical Belt,Accessories,,165.0,300.0,8,1,,1,2024-01-01 00:00:00,2024-01-01 00:00:00
77,3,Pnco Buckle,Metal,,412.5,750.0,26,0,,1,2024-01-01 00:00:00,2024-01-01 00:00:00
78,2,Medkit,Equipment,,65.0,100.0,9,0,,1,2024-01-01 00:00:00,2024-01-01 00:00:00
79,2,Flight Pouch,Equipment,,162.5,250.0,13,0,,1,2024-01-01 00:00:00,2024-01-01 00:00:00
80,1,Pnp Rain Coat,Clothes,,540.0,900.0,25,0,,1,2024-01-01 00:00:00,2024-01-01 00:00:00
81,1,Goa B Upper,Clothes,,787.5,1312.5,29,0,,1,2024-01-01 00:00:00,2024-01-01 00:00:00
82,5,Pco Ladies Pershing Cap,Accessories,,1430.0,2600.0,35,0,,1,2024-01-01 00:00:00,2024-01-01 00:00:00
83,2,Flashlight,Equipment,,113.75,175.0,21,0,,1,2024-01-01 00:00:00,2024-01-01 00:00:00
84,1,Og Plain,Clothes,,72.0,120.0,10,0,,1,2024-01-01 00:00:00,2024-01-01 00:00:00
85,2,Bath Towel,Equipment,,110.5,170.0,12,0,,1,2024-01-01 00:00:00,2024-01-01 00:00:00
86,1,Non Camouflage Olive Green Plain,Clothes,,72.0,120.0,15,0,,1,2024-01-01 00:00:00,2024-01-01 00:00:00
87,5,Big Belt Fiber,Accessories,,1375.0,2500.0,31,0,,1,2024-01-01 00:00:00,2024-01-01 00:00:00
88,2,Set Mess Kit,Equipment,,812.5,1250.0,20,0,,1,2024-01-01 00:00:00,2024-01-01 00:00:00
89,3,Shoulder Board,Metal,,330.0,600.0,25,0,,1,2024-01-01 00:00:00,2024-01-01 00:00:00
90,1,Sxr,Clothes,,480.0,800.0,25,0,,1,2024-01-01 00:00:00,2024-01-01 00:00:00
91,2,Bigkiwi Brush,Equipment,,1514.5,2330.0,25,0,,1,2024-01-01 00:00:00,2024-01-01 00:00:00
92,3,Pnp Badge,Metal,,632.5,1150.0,35,0,,1,2024-01-01 00:00:00,2024-01-01 00:00:00
93,2,Vest Black,Equipment,,1495.0,2300.0,31,0,,1,2024-01-01 00:00:00,2024-01-01 00:00:00
94,1,Field Serivce Uniforms,Clothes,,1380.0,2300.0,23,0,,1,2024-01-01 00:00:00,2024-01-01 00:00:00
95,1,Ripstop,Clothes,,1380.0,2300.0,19,0,,1,2024-01-01 00:00:00,2024-01-01 00:00:00
96,1,Cotton Pixilized,Clothes,,1380.0,2300.0,9,0,,1,2024-01-01 00:00:00,2024-01-01 00:00:00
97,3,Pnco Buckle Santi,Metal,,632.5,1150.0,31,0,,1,2024-01-01 00:00:00,2024-01-01 00:00:00
98,2,Radio Case,Equipment,,195.0,300.0,19,0,,1,2024-01-01 00:00:00,2024-01-01 00:00:00
99,1,Patrol Shirt Uniform,Clothes,,1320.0,2200.0,32,0,,1,2024-01-01 00:00:00,2024-01-01 00:00:00
100,1,Goa Upper,Clothes,,330.0,550.0,28,0,,1,2024-01-01 00:00:00,2024-01-01 00:00:00
101,2,Rig Leather,Equipment,,1430.0,2200.0,35,0,,1,2024-01-01 00:00:00,2024-01-01 00:00:00
102,1,Socks,Clothes,,54.0,90.0,10,0,,1,2024-01-01 00:00:00,2024-01-01 00:00:00
103,2,Tactical Knife,Equipment,,260.0,400.0,31,0,,1,2024-01-01 00:00:00,2024-01-01 00:00:00
104,6,Clarino 415 Shoes,Shoes,,1470.0,2100.0,21,0,,1,2024-01-01 00:00:00,2024-01-01 00:00:00
105,6,Gibson Lites 8 Heels,Shoes,,1400.0,2000.0,28,0,,1,2024-01-01 00:00:00,2024-01-01 00:00:00
106,5,Pershing Cap Almers,Accessories,,1100.0,2000.0,20,0,,1,2024-01-01 00:00:00,2024-01-01 00:00:00
107,1,Pavehawk Black,Clothes,,600.0,1000.0,21,0,,1,2024-01-01 00:00:00,2024-01-01 00:00:00
108,2,Rig Belt,Equipment,,650.0,1000.0,22,0,,1,2024-01-01 00:00:00,2024-01-01 00:00:00
109,1,Combat Socks,Clothes,,48.0,80.0,11,0,,1,2024-01-01 00:00:00,2024-01-01 00:00:00
110,2,Rig Belt Leather,Equipment,,1300.0,2000.0,26,0,,1,2024-01-01 00:00:00,2024-01-01 00:00:00
111,5,Shoulderboard Blue Dack,Accessories,,1100.0,2000.0,20,0,,1,2024-01-01 00:00:00,2024-01-01 00:00:00
112,2,Clakino,Equipment,,1300.0,2000.0,9,0,,1,2024-01-01 00:00:00,2024-01-01 00:00:00
113,5,Police Major Buckle,Accessories,,1100.0,2000.0,18,0,,1,2024-01-01 00:00:00,2024-01-01 00:00:00
114,1,Ath Shoes 8 ),Clothes,,1200.0,2000.0,25,0,,1,2024-01-01 00:00:00,2024-01-01 00:00:00
115,2,Leather Belt,Equipment,,1300.0,2000.0,18,0,,1,2024-01-01 00:00:00,2024-01-01 00:00:00
116,5,Leather,Accessories,,1100.0,2000.0,34,0,,1,2024-01-01 00:00:00,2024-01-01 00:00:00
117,1,Pnp Socks,Clothes,,90.0,150.0,20,0,,1,2024-01-01 00:00:00,2024-01-01 00:00:00
118,6,A Shoes 8,Shoes,,1295.0,1850.0,31,0,,1,2024-01-01 00:00:00,2024-01-01 00:00:00
119,1,Goa C Upper,Clothes,,555.0,925.0,15,0,,1,2024-01-01 00:00:00,2024-01-01 00:00:00
120,2,Fibar Rig,Equipment,,1170.0,1800.0,29,0,,1,2024-01-01 00:00:00,2024-01-01 00:00:00
121,6,Pnp Shoes,Shoes,,1260.0,1800.0,33,0,,1,2024-01-01 00:00:00,2024-01-01 00:00:00
122,2,Ripple Bag,Equipment,,1170.0,1800.0,23,0,,1,2024-01-01 00:00:00,2024-01-01 00:00:00
123,1,Somar,Clothes,,1074.0,1790.0,27,0,,1,2024-01-01 00:00:00,2024-01-01 00:00:00
124,5,Chinglopez Bullcap,Accessories,,481.25,875.0,30,0,,1,2024-01-01 00:00:00,2024-01-01 00:00:00
125,1,Tropical Black,Clothes,,1020.0,1700.0,20,0,,1,2024-01-01 00:00:00,2024-01-01 00:00:00
126,1,Philippine Non Commissioned Officers Search And Rescue,Clothes,,510.0,850.0,14,0,,1,2024-01-01 00:00:00,2024-01-01 00:00:00
127,2,Shoulderboard,Equipment,,1105.0,1700.0,30,0,,1,2024-01-01 00:00:00,2024-01-01 00:00:00
128,1,Search And Rescue Uniform Shirt,Clothes,,510.0,850.0,32,0,,1,2024-01-01 00:00:00,2024-01-01 00:00:00
129,5,Shoulderboard White Dack,Accessories,,935.0,1700.0,30,0,,1,2024-01-01 00:00:00,2024-01-01 00:00:00
130,1,Non Camouflage Olive Green,Clothes,,72.0,120.0,18,0,,1,2024-01-01 00:00:00,2024-01-01 00:00:00
131,1,4S White,Clothes,,243.0,405.0,26,0,,1,2024-01-01 00:00:00,2024-01-01 00:00:00
132,1,Og Cotton,Clothes,,108.0,180.0,20,0,,1,2024-01-01 00:00:00,2024-01-01 00:00:00
133,3,Bagong P Pin,Metal,,90.75,165.0,15,0,,1,2024-01-01 00:00:00,2024-01-01 00:00:00
134,5,Goab & Lower,Accessories,,880.0,1600.0,23,0,,1,2024-01-01 00:00:00,2024-01-01 00:00:00
135,1,Olive Green,Clothes,,72.0,120.0,6,0,,1,2024-01-01 00:00:00,2024-01-01 00:00:00
136,1,Akids,Clothes,,240.0,400.0,20,0,,1,2024-01-01 00:00:00,2024-01-01 00:00:00
137,2,Whistle,Equipment,,45.5,70.0,17,0,,1,2024-01-01 00:00:00,2024-01-01 00:00:00
138,2,Duffle Bag,Equipment,,975.0,1500.0,9,0,,1,2024-01-01 00:00:00,2024-01-01 00:00:00
139,2,Cytac Glock,Equipment,,975.0,1500.0,30,0,,1,2024-01-01 00:00:00,2024-01-01 00:00:00
140,5,7 Days Mag,Accessories,,412.5,750.0,28,0,,1,2024-01-01 00:00:00,2024-01-01 00:00:00
141,5,White Gloves,Accessories,,24.75,45.0,10,0,,1,2024-01-01 00:00:00,2024-01-01 00:00:00
142,2,Riffle Bag,Equipment,,975.0,1500.0,22,0,,1,2024-01-01 00:00:00,2024-01-01 00:00:00
143,2,Tactical Helmet,Equipment,,325.0,500.0,26,0,,1,2024-01-01 00:00:00,2024-01-01 00:00:00
144,1,Charol Socks,Clothes,,54.0,90.0,13,0,,1,2024-01-01 00:00:00,2024-01-01 00:00:00
145,4,Woven Patch,Patches,,81.0,180.0,19,0,,1,2024-01-01 00:00:00,2024-01-01 00:00:00
146,1,06 Shirt,Clothes,,72.0,120.0,17,0,,1,2024-01-01 00:00:00,2024-01-01 00:00:00
147,3,Miniature Awards,Metal,,192.5,350.0,19,0,,1,2024-01-01 00:00:00,2024-01-01 00:00:00
148,1,A Shirt Pco,Clothes,,285.0,475.0,29,0,,1,2024-01-01 00:00:00,2024-01-01 00:00:00
149,5,Pnco Pershing Cap,Accessories,,385.0,700.0,22,0,,1,2024-01-01 00:00:00,2024-01-01 00:00:00
150,1,Ps,Clothes,,840.0,1400.0,31,0,,1,2024-01-01 00:00:00,2024-01-01 00:00:00
151,1,Long White Socks,Clothes,,42.0,70.0,19,0,,1,2024-01-01 00:00:00,2024-01-01 00:00:00
152,3,Santi Buckle,Metal,,715.0,1300.0,29,0,,1,2024-01-01 00:00:00,2024-01-01 00:00:00
153,5,Plt Bullcap,Accessories,,357.5,650.0,30,0,,1,2024-01-01 00:00:00,2024-01-01 00:00:00
154,1,Botton 4 White Dack,Clothes,,780.0,1300.0,34,0,,1,2024-01-01 00:00:00,2024-01-01 00:00:00
155,2,Mag Pouch Vest,Equipment,,162.5,250.0,12,0,,1,2024-01-01 00:00:00,2024-01-01 00:00:00
156,1,Og Unfiorm,Clothes,,72.0,120.0,0,1,,1,2024-01-01 00:00:00,2024-01-01 00:00:00
157,2,Handcuffs Case,Equipment,,195.0,300.0,24,0,,1,2024-01-01 00:00:00,2024-01-01 00:00:00
158,2,L Vest,Equipment,,780.0,1200.0,33,0,,1,2024-01-01 00:00:00,2024-01-01 00:00:00
159,3,Skeletal Buckle,Metal,,110.0,200.0,5,0,,1,2024-01-01 00:00:00,2024-01-01 00:00:00
160,1,Rs Sar Uniform,Clothes,,720.0,1200.0,22,0,,1,2024-01-01 00:00:00,2024-01-01 00:00:00
161,2,Medium Vest,Equipment,,780.0,1200.0,18,0,,1,2024-01-01 00:00:00,2024-01-01 00:00:00
162,3,Collar Pin,Metal,,33.0,60.0,11,0,,1,2024-01-01 00:00:00,2024-01-01 00:00:00
163,1,6 Packet,Clothes,,228.0,380.0,29,0,,1,2024-01-01 00:00:00,2024-01-01 00:00:00
164,1,6 Pocket Short,Clothes,,228.0,380.0,29,0,,1,2024-01-01 00:00:00,2024-01-01 00:00:00
165,3,Pricobuckle,Metal,,605.0,1100.0,17,0,,1,2024-01-01 00:00:00,2024-01-01 00:00:00
166,1,Rotc Uniform,Clothes,,660.0,1100.0,31,0,,1,2024-01-01 00:00:00,2024-01-01 00:00:00
167,2,Pledge Metal Polish,Equipment,,227.5,350.0,6,0,,1,2024-01-01 00:00:00,2024-01-01 00:00:00
168,3,Badge Santi,Metal,,605.0,1100.0,20,0,,1,2024-01-01 00:00:00,2024-01-01 00:00:00
169,5,Hanky,Accessories,,27.5,50.0,7,0,,1,2024-01-01 00:00:00,2024-01-01 00:00:00
170,2,Pco In Sac,Equipment,,715.0,1100.0,21,0,,1,2024-01-01 00:00:00,2024-01-01 00:00:00
171,1,Ching Lopez Cap,Clothes,,660.0,1100.0,36,0,,1,2024-01-01 00:00:00,2024-01-01 00:00:00
172,4,Flight Big,Patches,,157.5,350.0,16,0,,1,2024-01-01 00:00:00,2024-01-01 00:00:00
173,1,"Sap C S L (""Special Action Pants Camouflage Style Large""",Clothes,,600.0,1000.0,32,0,,1,2024-01-01 00:00:00,2024-01-01 00:00:00
174,1,Pave Pants Grey,Clothes,,600.0,1000.0,34,0,,1,2024-01-01 00:00:00,2024-01-01 00:00:00
175,2,Low Carry,Equipment,,325.0,500.0,30,0,,1,2024-01-01 00:00:00,2024-01-01 00:00:00
176,5,Poco Buckle Garrison,Accessories,,550.0,1000.0,32,0,,1,2024-01-01 00:00:00,2024-01-01 00:00:00
177,1,Police Major Bushcoat,Clothes,,600.0,1000.0,19,0,,1,2024-01-01 00:00:00,2024-01-01 00:00:00
178,6,Boots,Shoes,,700.0,1000.0,32,0,,1,2024-01-01 00:00:00,2024-01-01 00:00:00
179,2,Belt Bag,Equipment,,650.0,1000.0,32,0,,1,2024-01-01 00:00:00,2024-01-01 00:00:00
180,1,Pavehawk B,Clothes,,600.0,1000.0,34,0,,1,2024-01-01 00:00:00,2024-01-01 00:00:00
181,6,Pave Hawk 8 Xl Combat Boots,Shoes,,700.0,1000.0,28,0,,1,2024-01-01 00:00:00,2024-01-01 00:00:00
182,2,Holster Leather Fiber,Equipment,,325.0,500.0,6,0,,1,2024-01-01 00:00:00,2024-01-01 00:00:00
183,1,Plain Jacket,Clothes,,600.0,1000.0,23,0,,1,2024-01-01 00:00:00,2024-01-01 00:00:00
184,2,Timba,Equipment,,162.5,250.0,28,0,,1,2024-01-01 00:00:00,2024-01-01 00:00:00
185,3,Layers Pin,Metal,,275.0,500.0,25,0,,1,2024-01-01 00:00:00,2024-01-01 00:00:00
186,3,Oscc Pin,Metal,,275.0,500.0,33,0,,1,2024-01-01 00:00:00,2024-01-01 00:00:00
187,1,Pnco Bullcap,Clothes,,210.0,350.0,29,0,,1,2024-01-01 00:00:00,2024-01-01 00:00:00
188,5,White Hanky,Accessories,,24.75,45.0,14,0,,1,2024-01-01 00:00:00,2024-01-01 00:00:00
189,1,Qrp Shirt,Clothes,,570.0,950.0,21,0,,1,2024-01-01 00:00:00,2024-01-01 00:00:00
190,1,Necktie,Clothes,,120.0,200.0,25,0,,1,2024-01-01 00:00:00,2024-01-01 00:00:00
191,1,White,Clothes,,138.0,230.0,17,0,,1,2024-01-01 00:00:00,2024-01-01 00:00:00
192,3,Change Rank,Metal,,77.0,140.0,26,0,,1,2024-01-01 00:00:00,2024-01-01 00:00:00
193,1,Upper C,Clothes,,540.0,900.0,26,0,,1,2024-01-01 00:00:00,2024-01-01 00:00:00
194,2,Set School Supplies,Equipment,,292.5,450.0,21,0,,1,2024-01-01 00:00:00,2024-01-01 00:00:00
195,2,Security Guard Belt,Equipment,,585.0,900.0,25,0,,1,2024-01-01 00:00:00,2024-01-01 00:00:00
196,1,Shirt,Clothes,,90.0,150.0,39,0,,1,2024-01-01 00:00:00,2024-01-01 00:00:00
197,2,7 Days Bag,Equipment,,585.0,900.0,31,0,,1,2024-01-01 00:00:00,2024-01-01 00:00:00
198,3,Buckle,Metal,,82.5,150.0,27,0,,1,2024-01-01 00:00:00,2024-01-01 00:00:00
199,4,Bagong Pilipinas,Patches,,90.0,200.0,16,0,,1,2024-01-01 00:00:00,2024-01-01 00:00:00
200,1,Gon C Upper,Clothes,,510.0,850.0,31,0,,1,2024-01-01 00:00:00,2024-01-01 00:00:00
201,1,O Green,Clothes,,72.0,120.0,13,0,,1,2024-01-01 00:00:00,2024-01-01 00:00:00
202,4,Burda,Patches,,6.75,15.0,26,0,,1,2024-01-01 00:00:00,2024-01-01 00:00:00
203,1,A Kids 1 5 Im,Clothes,,240.0,400.0,22,0,,1,2024-01-01 00:00:00,2024-01-01 00:00:00
204,1,A Kids Xl Blue,Clothes,,240.0,400.0,26,0,,1,2024-01-01 00:00:00,2024-01-01 00:00:00
205,3,Bfp Awards,Metal,,440.0,800.0,15,0,,1,2024-01-01 00:00:00,2024-01-01 00:00:00
206,2,Bikini Holster,Equipment,,260.0,400.0,31,0,,1,2024-01-01 00:00:00,2024-01-01 00:00:00
207,1,Pmaj Bullcap,Clothes,,480.0,800.0,17,0,,1,2024-01-01 00:00:00,2024-01-01 00:00:00
208,1,Pnco Buehle,Clothes,,480.0,800.0,20,0,,1,2024-01-01 00:00:00,2024-01-01 00:00:00
209,2,Cordura Bag,Equipment,,520.0,800.0,36,0,,1,2024-01-01 00:00:00,2024-01-01 00:00:00
210,1,A Kids,Clothes,,240.0,400.0,17,0,,1,2024-01-01 00:00:00,2024-01-01 00:00:00
211,1,Hammock,Clothes,,240.0,400.0,19,0,,1,2024-01-01 00:00:00,2024-01-01 00:00:00
212,1,S Blue White,Clothes,,240.0,400.0,19,0,,1,2024-01-01 00:00:00,2024-01-01 00:00:00
213,1,Ladies Pershing Cap,Clothes,,450.0,750.0,28,0,,1,2024-01-01 00:00:00,2024-01-01 00:00:00
214,2,Rig Sg,Equipment,,487.5,750.0,19,0,,1,2024-01-01 00:00:00,2024-01-01 00:00:00
215,3,Pin,Metal,,82.5,150.0,30,0,,1,2024-01-01 00:00:00,2024-01-01 00:00:00
216,5,Cobra Belt,Accessories,,206.25,375.0,16,0,,1,2024-01-01 00:00:00,2024-01-01 00:00:00
217,5,Police Non Commissioned Officer Bullcap,Accessories,,200.75,365.0,32,0,,1,2024-01-01 00:00:00,2024-01-01 00:00:00
218,2,F Belt,Equipment,,455.0,700.0,37,0,,1,2024-01-01 00:00:00,2024-01-01 00:00:00
219,1,Ath Pants,Clothes,,420.0,700.0,33,0,,1,2024-01-01 00:00:00,2024-01-01 00:00:00
220,6,Goa Faits,Shoes,,490.0,700.0,22,0,,1,2024-01-01 00:00:00,2024-01-01 00:00:00
221,2,Pail Dipper Hanger,Equipment,,227.5,350.0,31,0,,1,2024-01-01 00:00:00,2024-01-01 00:00:00
222,1,Berret Blue,Clothes,,210.0,350.0,30,0,,1,2024-01-01 00:00:00,2024-01-01 00:00:00
223,5,Police Major Emboard Type,Accessories,,385.0,700.0,21,0,,1,2024-01-01 00:00:00,2024-01-01 00:00:00
224,3,Change Rank Pltcol,Metal,,181.5,330.0,8,0,,1,2024-01-01 00:00:00,2024-01-01 00:00:00
225,3,Rank Pin Metal,Metal,,357.5,650.0,23,0,,1,2024-01-01 00:00:00,2024-01-01 00:00:00
226,2,No Shine Garrison,Equipment,,211.25,325.0,17,0,,1,2024-01-01 00:00:00,2024-01-01 00:00:00
227,5,Gold Buckle Black Nylon,Accessories,,71.5,130.0,27,0,,1,2024-01-01 00:00:00,2024-01-01 00:00:00
228,1,R Neck T Shirt,Clothes,,72.0,120.0,13,0,,1,2024-01-01 00:00:00,2024-01-01 00:00:00
229,1,Raincoat,Clothes,,360.0,600.0,33,0,,1,2024-01-01 00:00:00,2024-01-01 00:00:00
230,2,So Np Neuro Psychological,Equipment,,195.0,300.0,22,0,,1,2024-01-01 00:00:00,2024-01-01 00:00:00
231,5,Belt Ganson,Accessories,,165.0,300.0,29,0,,1,2024-01-01 00:00:00,2024-01-01 00:00:00
232,2,Baton With Pouch,Equipment,,390.0,600.0,30,0,,1,2024-01-01 00:00:00,2024-01-01 00:00:00
233,2,Sleeping Matt,Equipment,,130.0,200.0,18,0,,1,2024-01-01 00:00:00,2024-01-01 00:00:00
234,5,Belt Only Rig,Accessories,,330.0,600.0,24,0,,1,2024-01-01 00:00:00,2024-01-01 00:00:00
235,2,Radio Pouch,Equipment,,195.0,300.0,23,0,,1,2024-01-01 00:00:00,2024-01-01 00:00:00
236,4,Patch Type,Patches,,135.0,300.0,55,0,,1,2024-01-01 00:00:00,2024-01-01 00:00:00
237,5,Padel Mag Pouch,Accessories,,330.0,600.0,20,0,,1,2024-01-01 00:00:00,2024-01-01 00:00:00
238,2,Padel Ts9,Equipment,,390.0,600.0,32,0,,1,2024-01-01 00:00:00,2024-01-01 00:00:00
239,1,Np Magnet,Clothes,,180.0,300.0,34,0,,1,2024-01-01 00:00:00,2024-01-01 00:00:00
240,2,Holster Ts Fiber,Equipment,,390.0,600.0,21,0,,1,2024-01-01 00:00:00,2024-01-01 00:00:00
241,2,Holster Fiber,Equipment,,390.0,600.0,27,0,,1,2024-01-01 00:00:00,2024-01-01 00:00:00
242,2,Water Canteen,Equipment,,146.25,225.0,20,0,,1,2024-01-01 00:00:00,2024-01-01 00:00:00
243,3,Medalya Papuri,Metal,,165.0,300.0,22,0,,1,2024-01-01 00:00:00,2024-01-01 00:00:00
244,2,Bruno Big Brush,Equipment,,188.5,290.0,28,0,,1,2024-01-01 00:00:00,2024-01-01 00:00:00
245,4,Qcpd,Patches,,29.25,65.0,28,0,,1,2024-01-01 00:00:00,2024-01-01 00:00:00
246,1,Sg Pershing Cap,Clothes,,108.0,180.0,26,0,,1,2024-01-01 00:00:00,2024-01-01 00:00:00
247,4,Change Rrank Goa,Patches,,63.0,140.0,17,0,,1,2024-01-01 00:00:00,2024-01-01 00:00:00
248,4,Patches,Patches,,108.0,240.0,19,0,,1,2024-01-01 00:00:00,2024-01-01 00:00:00
249,4,Goa Patch,Patches,,29.25,65.0,0,1,,1,2024-01-01 00:00:00,2024-01-01 00:00:00
250,1,Nibbenze Raincoat,Clothes,,330.0,550.0,28,0,,1,2024-01-01 00:00:00,2024-01-01 00:00:00
251,2,Mag Pouch Leather,Equipment,,357.5,550.0,17,0,,1,2024-01-01 00:00:00,2024-01-01 00:00:00
252,4,Badge#Withattach,Patches,,123.75,275.0,28,0,,1,2024-01-01 00:00:00,2024-01-01 00:00:00
253,4,Change Rank Pssg,Patches,,81.0,180.0,21,0,,1,2024-01-01 00:00:00,2024-01-01 00:00:00
254,1,Combat Socks Pnp,Clothes,,78.0,130.0,25,0,,1,2024-01-01 00:00:00,2024-01-01 00:00:00
255,5,Gold Buckle Blue Nylon,Accessories,,71.5,130.0,20,0,,1,2024-01-01 00:00:00,2024-01-01 00:00:00
256,1,A Shirt Pc0,Clothes,,300.0,500.0,31,0,,1,2024-01-01 00:00:00,2024-01-01 00:00:00
257,2,Mag Pouch Fiber,Equipment,,325.0,500.0,34,0,,1,2024-01-01 00:00:00,2024-01-01 00:00:00
258,2,Flashlight Pouch,Equipment,,162.5,250.0,25,0,,1,2024-01-01 00:00:00,2024-01-01 00:00:00
259,4,Cidg Forrests,Patches,,112.5,250.0,30,0,,1,2024-01-01 00:00:00,2024-01-01 00:00:00
260,2,Mc Metal Polish,Equipment,,65.0,100.0,24,0,,1,2024-01-01 00:00:00,2024-01-01 00:00:00
261,2,Carabiner,Equipment,,65.0,100.0,30,0,,1,2024-01-01 00:00:00,2024-01-01 00:00:00
262,2,Reflector Vest,Equipment,,325.0,500.0,32,0,,1,2024-01-01 00:00:00,2024-01-01 00:00:00
263,2,Hollister,Equipment,,325.0,500.0,31,0,,1,2024-01-01 00:00:00,2024-01-01 00:00:00
264,4,Fg Patch Goa,Patches,,22.5,50.0,4,0,,1,2024-01-01 00:00:00,2024-01-01 00:00:00
265,2,Vests,Equipment,,325.0,500.0,28,0,,1,2024-01-01 00:00:00,2024-01-01 00:00:00
266,1,Dryfit Green,Clothes,,150.0,250.0,33,0,,1,2024-01-01 00:00:00,2024-01-01 00:00:00
267,3,Silver Buckle,Metal,,55.0,100.0,24,0,,1,2024-01-01 00:00:00,2024-01-01 00:00:00
268,1,Brads Magnet,Clothes,,300.0,500.0,52,0,,1,2024-01-01 00:00:00,2024-01-01 00:00:00
269,1,Seargent Pants,Clothes,,150.0,250.0,32,0,,1,2024-01-01 00:00:00,2024-01-01 00:00:00
270,5,Black Gloves,Accessories,,24.75,45.0,11,0,,1,2024-01-01 00:00:00,2024-01-01 00:00:00
271,1,Pixilized Short,Clothes,,300.0,500.0,29,0,,1,2024-01-01 00:00:00,2024-01-01 00:00:00
272,4,Swat Tab Logo,Patches,,31.5,70.0,23,0,,1,2024-01-01 00:00:00,2024-01-01 00:00:00
273,1,Socks Small Black,Clothes,,48.0,80.0,27,0,,1,2024-01-01 00:00:00,2024-01-01 00:00:00
274,2,Tickler,Equipment,,32.5,50.0,23,0,,1,2024-01-01 00:00:00,2024-01-01 00:00:00
275,1,Embroidered Black Socks,Clothes,,57.0,95.0,19,0,,1,2024-01-01 00:00:00,2024-01-01 00:00:00
276,1,Embroidered White Socks,Clothes,,57.0,95.0,26,0,,1,2024-01-01 00:00:00,2024-01-01 00:00:00
277,3,Orly Awards,Metal,,258.5,470.0,17,0,,1,2024-01-01 00:00:00,2024-01-01 00:00:00
278,1,Socks Small White,Clothes,,45.0,75.0,26,0,,1,2024-01-01 00:00:00,2024-01-01 00:00:00
279,2,Magnet,Equipment,,146.25,225.0,33,0,,1,2024-01-01 00:00:00,2024-01-01 00:00:00
280,4,Police Staff Sergeant Rank Patch,Patches,,22.5,50.0,23,0,,1,2024-01-01 00:00:00,2024-01-01 00:00:00
281,3,Logistic Pin,Metal,,137.5,250.0,32,0,,1,2024-01-01 00:00:00,2024-01-01 00:00:00
282,1,Long Black Socks,Clothes,,36.0,60.0,25,0,,1,2024-01-01 00:00:00,2024-01-01 00:00:00
283,4,Long Sleeve Patch,Patches,,189.0,420.0,21,0,,1,2024-01-01 00:00:00,2024-01-01 00:00:00
284,6,Non Patrol Shoes,Shoes,,280.0,400.0,30,0,,1,2024-01-01 00:00:00,2024-01-01 00:00:00
285,1,White Shirt,Clothes,,60.0,100.0,6,0,,1,2024-01-01 00:00:00,2024-01-01 00:00:00
286,3,No Shine Buckle,Metal,,220.0,400.0,31,0,,1,2024-01-01 00:00:00,2024-01-01 00:00:00
287,1,T Shirt White,Clothes,,240.0,400.0,26,0,,1,2024-01-01 00:00:00,2024-01-01 00:00:00
288,5,Sou Bullcap,Accessories,,220.0,400.0,30,0,,1,2024-01-01 00:00:00,2024-01-01 00:00:00
289,4,Spo Bord,Patches,,180.0,400.0,17,0,,1,2024-01-01 00:00:00,2024-01-01 00:00:00
290,1,A Shirt S Ladies,Clothes,,240.0,400.0,29,0,,1,2024-01-01 00:00:00,2024-01-01 00:00:00
291,4,4S Blue With Patch,Patches,,180.0,400.0,19,0,,1,2024-01-01 00:00:00,2024-01-01 00:00:00
292,4,4S White W Patch,Patches,,180.0,400.0,19,0,,1,2024-01-01 00:00:00,2024-01-01 00:00:00
293,1,L S White Sg,Clothes,,240.0,400.0,18,0,,1,2024-01-01 00:00:00,2024-01-01 00:00:00
294,2,Metal Polish,Equipment,,65.0,100.0,17,0,,1,2024-01-01 00:00:00,2024-01-01 00:00:00
295,5,Gold Buckle Only,Accessories,,55.0,100.0,26,0,,1,2024-01-01 00:00:00,2024-01-01 00:00:00
296,2,Shoe Polish Brush,Equipment,,130.0,200.0,35,0,,1,2024-01-01 00:00:00,2024-01-01 00:00:00
297,2,Shipping Fee,Equipment,,260.0,400.0,29,0,,1,2024-01-01 00:00:00,2024-01-01 00:00:00
298,1,Berret,Clothes,,240.0,400.0,25,0,,1,2024-01-01 00:00:00,2024-01-01 00:00:00
299,5,Unshine Buckle,Accessories,,220.0,400.0,29,0,,1,2024-01-01 00:00:00,2024-01-01 00:00:00
300,1,Bernet Blue,Clothes,,240.0,400.0,30,0,,1,2024-01-01 00:00:00,2024-01-01 00:00:00
301,2,Big Flight Pouch,Equipment,,260.0,400.0,33,0,,1,2024-01-01 00:00:00,2024-01-01 00:00:00
302,1,Patrolman Goa,Clothes,,48.0,80.0,21,0,,1,2024-01-01 00:00:00,2024-01-01 00:00:00
303,4,Patches Prbs,Patches,,180.0,400.0,28,0,,1,2024-01-01 00:00:00,2024-01-01 00:00:00
304,1,Off Shirt,Clothes,,240.0,400.0,37,0,,1,2024-01-01 00:00:00,2024-01-01 00:00:00
305,3,Rank Attach,Metal,,38.5,70.0,28,0,,1,2024-01-01 00:00:00,2024-01-01 00:00:00
306,5,Pmas Shoulderloop,Accessories,,220.0,400.0,32,0,,1,2024-01-01 00:00:00,2024-01-01 00:00:00
307,2,Holster Calik,Equipment,,130.0,200.0,26,0,,1,2024-01-01 00:00:00,2024-01-01 00:00:00
308,4,Attach Patch,Patches,,83.25,185.0,29,0,,1,2024-01-01 00:00:00,2024-01-01 00:00:00
309,4,Velciro,Patches,,171.0,380.0,29,0,,1,2024-01-01 00:00:00,2024-01-01 00:00:00
310,2,Ledlight,Equipment,,123.5,190.0,34,0,,1,2024-01-01 00:00:00,2024-01-01 00:00:00
311,5,Bullcap Embuss,Accessories,,209.0,380.0,34,0,,1,2024-01-01 00:00:00,2024-01-01 00:00:00
312,5,Garrison,Accessories,,55.0,100.0,6,0,,1,2024-01-01 00:00:00,2024-01-01 00:00:00
313,2,Buckle W Belt,Equipment,,117.0,180.0,25,0,,1,2024-01-01 00:00:00,2024-01-01 00:00:00
314,1,Olivegreen Cotton,Clothes,,72.0,120.0,32,0,,1,2024-01-01 00:00:00,2024-01-01 00:00:00
315,2,Belt Buckle Skeletal,Equipment,,117.0,180.0,26,0,,1,2024-01-01 00:00:00,2024-01-01 00:00:00
316,4,Patrol Attach,Patches,,81.0,180.0,19,0,,1,2024-01-01 00:00:00,2024-01-01 00:00:00
317,1,Change Unit Woven Mpd,Clothes,,108.0,180.0,32,0,,1,2024-01-01 00:00:00,2024-01-01 00:00:00
318,4,Ces Patch,Patches,,31.5,70.0,30,0,,1,2024-01-01 00:00:00,2024-01-01 00:00:00
319,4,Special Action Force,Patches,,31.5,70.0,18,0,,1,2024-01-01 00:00:00,2024-01-01 00:00:00
320,1,Set Pal,Clothes,,210.0,350.0,28,0,,1,2024-01-01 00:00:00,2024-01-01 00:00:00
321,4,Extra Qcpd Likod,Patches,,157.5,350.0,20,0,,1,2024-01-01 00:00:00,2024-01-01 00:00:00
322,2,Tupple Mag Pouch,Equipment,,227.5,350.0,31,0,,1,2024-01-01 00:00:00,2024-01-01 00:00:00
323,4,Commando Tab Logo,Patches,,31.5,70.0,18,0,,1,2024-01-01 00:00:00,2024-01-01 00:00:00
324,2,Pcildipper,Equipment,,227.5,350.0,12,0,,1,2024-01-01 00:00:00,2024-01-01 00:00:00
325,1,Cycle Number Vcit,Clothes,,210.0,350.0,17,0,,1,2024-01-01 00:00:00,2024-01-01 00:00:00
326,2,Outside Holster,Equipment,,227.5,350.0,18,0,,1,2024-01-01 00:00:00,2024-01-01 00:00:00
327,4,Pledge,Patches,,157.5,350.0,19,0,,1,2024-01-01 00:00:00,2024-01-01 00:00:00
328,3,Hpg,Metal,,192.5,350.0,36,0,,1,2024-01-01 00:00:00,2024-01-01 00:00:00
329,4,Commando Patch With Tab Logo,Patches,,31.5,70.0,28,0,,1,2024-01-01 00:00:00,2024-01-01 00:00:00
330,4,Change Unit Goa,Patches,,36.0,80.0,6,0,,1,2024-01-01 00:00:00,2024-01-01 00:00:00
331,1,Butak Mto,Clothes,,48.0,80.0,22,0,,1,2024-01-01 00:00:00,2024-01-01 00:00:00
332,3,Migs Awards,Metal,,173.25,315.0,32,0,,1,2024-01-01 00:00:00,2024-01-01 00:00:00
333,4,Patches Unit Pnp Logo,Patches,,45.0,100.0,23,0,,1,2024-01-01 00:00:00,2024-01-01 00:00:00
334,1,Fsu Set,Clothes,,180.0,300.0,30,0,,1,2024-01-01 00:00:00,2024-01-01 00:00:00
335,1,Lowsy Hat,Clothes,,180.0,300.0,16,0,,1,2024-01-01 00:00:00,2024-01-01 00:00:00
336,3,Reverse Silver,Metal,,165.0,300.0,35,0,,1,2024-01-01 00:00:00,2024-01-01 00:00:00
337,1,Small Pulis,Clothes,,90.0,150.0,32,0,,1,2024-01-01 00:00:00,2024-01-01 00:00:00
338,2,Handcuffs Pouch,Equipment,,195.0,300.0,28,0,,1,2024-01-01 00:00:00,2024-01-01 00:00:00
339,2,Handcuffscase Leather,Equipment,,195.0,300.0,22,0,,1,2024-01-01 00:00:00,2024-01-01 00:00:00
340,2,Flight Holder,Equipment,,195.0,300.0,20,0,,1,2024-01-01 00:00:00,2024-01-01 00:00:00
341,4,Pcag Patch,Patches,,67.5,150.0,20,0,,1,2024-01-01 00:00:00,2024-01-01 00:00:00
342,2,Garterized,Equipment,,195.0,300.0,17,0,,1,2024-01-01 00:00:00,2024-01-01 00:00:00
343,4,Out Inside,Patches,,135.0,300.0,35,0,,1,2024-01-01 00:00:00,2024-01-01 00:00:00
344,4,Embro Shoulder B,Patches,,135.0,300.0,30,0,,1,2024-01-01 00:00:00,2024-01-01 00:00:00
345,4,Hss,Patches,,18.0,40.0,13,0,,1,2024-01-01 00:00:00,2024-01-01 00:00:00
346,3,Red Belt,Metal,,165.0,300.0,33,0,,1,2024-01-01 00:00:00,2024-01-01 00:00:00
347,3,Rank For Pixi,Metal,,55.0,100.0,29,0,,1,2024-01-01 00:00:00,2024-01-01 00:00:00
348,2,Tachcal Slling,Equipment,,195.0,300.0,22,0,,1,2024-01-01 00:00:00,2024-01-01 00:00:00
349,5,Tou Ru Cap,Accessories,,165.0,300.0,33,0,,1,2024-01-01 00:00:00,2024-01-01 00:00:00
350,2,Baton Case,Equipment,,195.0,300.0,33,0,,1,2024-01-01 00:00:00,2024-01-01 00:00:00
351,3,Bagong Pilipinas Pin,Metal,,82.5,150.0,32,0,,1,2024-01-01 00:00:00,2024-01-01 00:00:00
352,2,Baton Holder,Equipment,,195.0,300.0,30,0,,1,2024-01-01 00:00:00,2024-01-01 00:00:00
353,1,V-Neck In,Clothes,,90.0,150.0,20,0,,1,2024-01-01 00:00:00,2024-01-01 00:00:00
354,5,Belt Only,Accessories,,165.0,300.0,29,0,,1,2024-01-01 00:00:00,2024-01-01 00:00:00
355,3,Brc Pin,Metal,,82.5,150.0,17,0,,1,2024-01-01 00:00:00,2024-01-01 00:00:00
356,2,Box,Equipment,,195.0,300.0,31,0,,1,2024-01-01 00:00:00,2024-01-01 00:00:00
357,3,Ugnayang Pampulisya,Metal,,12.83,23.33,19,0,,1,2024-01-01 00:00:00,2024-01-01 00:00:00
358,4,Unit Patches,Patches,,126.0,280.0,30,0,,1,2024-01-01 00:00:00,2024-01-01 00:00:00
359,1,Short Athletic Pants,Clothes,,168.0,280.0,33,0,,1,2024-01-01 00:00:00,2024-01-01 00:00:00
360,1,Pnp Bullcap,Clothes,,168.0,280.0,30,0,,1,2024-01-01 00:00:00,2024-01-01 00:00:00
361,5,Garterized Belt,Accessories,,154.0,280.0,20,0,,1,2024-01-01 00:00:00,2024-01-01 00:00:00
362,4,Goa Attach,Patches,,63.0,140.0,32,0,,1,2024-01-01 00:00:00,2024-01-01 00:00:00
363,2,Og Pryfit Pulls,Equipment,,182.0,280.0,31,0,,1,2024-01-01 00:00:00,2024-01-01 00:00:00
364,4,Ncr,Patches,,40.5,90.0,28,0,,1,2024-01-01 00:00:00,2024-01-01 00:00:00
365,1,Kn White,Clothes,,78.0,130.0,28,0,,1,2024-01-01 00:00:00,2024-01-01 00:00:00
366,2,Black Pnp Long Socks,Equipment,,84.5,130.0,28,0,,1,2024-01-01 00:00:00,2024-01-01 00:00:00
367,2,Tirgas,Equipment,,162.5,250.0,31,0,,1,2024-01-01 00:00:00,2024-01-01 00:00:00
368,1,4S Black,Clothes,,150.0,250.0,29,0,,1,2024-01-01 00:00:00,2024-01-01 00:00:00
369,3,Pnp Nameplate,Metal,,137.5,250.0,29,0,,1,2024-01-01 00:00:00,2024-01-01 00:00:00
370,1,Df Pulis,Clothes,,150.0,250.0,29,0,,1,2024-01-01 00:00:00,2024-01-01 00:00:00
371,1,Sa Pants,Clothes,,150.0,250.0,32,0,,1,2024-01-01 00:00:00,2024-01-01 00:00:00
372,3,Np Pin,Metal,,137.5,250.0,18,0,,1,2024-01-01 00:00:00,2024-01-01 00:00:00
373,4,Fg Patch,Patches,,22.5,50.0,13,0,,1,2024-01-01 00:00:00,2024-01-01 00:00:00
374,2,Flight Led Light,Equipment,,162.5,250.0,19,0,,1,2024-01-01 00:00:00,2024-01-01 00:00:00
375,2,Eyepro,Equipment,,162.5,250.0,32,0,,1,2024-01-01 00:00:00,2024-01-01 00:00:00
376,3,Obc Pin,Metal,,137.5,250.0,22,0,,1,2024-01-01 00:00:00,2024-01-01 00:00:00
377,2,Cy# Vest,Equipment,,162.5,250.0,31,0,,1,2024-01-01 00:00:00,2024-01-01 00:00:00
378,1,Pnp Np,Clothes,,150.0,250.0,33,0,,1,2024-01-01 00:00:00,2024-01-01 00:00:00
379,2,Skeletal,Equipment,,162.5,250.0,18,0,,1,2024-01-01 00:00:00,2024-01-01 00:00:00
380,4,Np,Patches,,112.5,250.0,20,0,,1,2024-01-01 00:00:00,2024-01-01 00:00:00
381,5,5:11 Cap,Accessories,,137.5,250.0,27,0,,1,2024-01-01 00:00:00,2024-01-01 00:00:00
382,2,Suspender,Equipment,,162.5,250.0,28,0,,1,2024-01-01 00:00:00,2024-01-01 00:00:00
383,4,Makati Logo For Vest,Patches,,112.5,250.0,22,0,,1,2024-01-01 00:00:00,2024-01-01 00:00:00
384,6,Saf Paten,Shoes,,35.0,50.0,27,0,,1,2024-01-01 00:00:00,2024-01-01 00:00:00
385,1,Army Bonet,Clothes,,150.0,250.0,22,0,,1,2024-01-01 00:00:00,2024-01-01 00:00:00
386,1,Dryfit,Clothes,,150.0,250.0,34,0,,1,2024-01-01 00:00:00,2024-01-01 00:00:00
387,1,White Pnp Socks,Clothes,,72.0,120.0,16,0,,1,2024-01-01 00:00:00,2024-01-01 00:00:00
388,4,Change Rank Patrol,Patches,,54.0,120.0,26,0,,1,2024-01-01 00:00:00,2024-01-01 00:00:00
389,1,Type C,Clothes,,144.0,240.0,20,0,,1,2024-01-01 00:00:00,2024-01-01 00:00:00
390,4,Qcpd Woven,Patches,,36.0,80.0,28,0,,1,2024-01-01 00:00:00,2024-01-01 00:00:00
391,3,Rank,Metal,,63.25,115.0,26,0,,1,2024-01-01 00:00:00,2024-01-01 00:00:00
392,2,Set Garrison With Buckle Shine,Equipment,,149.5,230.0,29,0,,1,2024-01-01 00:00:00,2024-01-01 00:00:00
393,2,Big Kiwi Brush,Equipment,,149.5,230.0,32,0,,1,2024-01-01 00:00:00,2024-01-01 00:00:00
394,4,Sticker,Patches,,50.62,112.5,17,0,,1,2024-01-01 00:00:00,2024-01-01 00:00:00
395,3,Half Matte Matte,Metal,,121.0,220.0,28,0,,1,2024-01-01 00:00:00,2024-01-01 00:00:00
396,1,Uniform Type C,Clothes,,132.0,220.0,30,0,,1,2024-01-01 00:00:00,2024-01-01 00:00:00
397,2,Unit Vest,Equipment,,130.0,200.0,27,0,,1,2024-01-01 00:00:00,2024-01-01 00:00:00
398,4,Attach Rank Patrol,Patches,,90.0,200.0,34,0,,1,2024-01-01 00:00:00,2024-01-01 00:00:00
399,5,Double Cap,Accessories,,55.0,100.0,31,0,,1,2024-01-01 00:00:00,2024-01-01 00:00:00
400,2,Doubleclip,Equipment,,65.0,100.0,20,0,,1,2024-01-01 00:00:00,2024-01-01 00:00:00
401,4,Surname,Patches,,90.0,200.0,20,0,,1,2024-01-01 00:00:00,2024-01-01 00:00:00
402,5,Buckle Belt,Accessories,,110.0,200.0,26,0,,1,2024-01-01 00:00:00,2024-01-01 00:00:00
403,4,Logistic,Patches,,90.0,200.0,17,0,,1,2024-01-01 00:00:00,2024-01-01 00:00:00
404,2,Rank 4 Vest,Equipment,,130.0,200.0,32,0,,1,2024-01-01 00:00:00,2024-01-01 00:00:00
405,1,Sando,Clothes,,120.0,200.0,18,0,,1,2024-01-01 00:00:00,2024-01-01 00:00:00
406,3,Badge Embro,Metal,,55.0,100.0,28,0,,1,2024-01-01 00:00:00,2024-01-01 00:00:00
407,3,Tabak Pin,Metal,,110.0,200.0,17,0,,1,2024-01-01 00:00:00,2024-01-01 00:00:00
408,2,Kiwi Brush,Equipment,,130.0,200.0,21,0,,1,2024-01-01 00:00:00,2024-01-01 00:00:00
409,2,Skeletal Garrison,Equipment,,130.0,200.0,31,0,,1,2024-01-01 00:00:00,2024-01-01 00:00:00
410,3,Badge Sg,Metal,,55.0,100.0,20,0,,1,2024-01-01 00:00:00,2024-01-01 00:00:00
411,2,Tir Gas,Equipment,,130.0,200.0,28,0,,1,2024-01-01 00:00:00,2024-01-01 00:00:00
412,4,Attach Only Patch,Patches,,9.0,20.0,21,0,,1,2024-01-01 00:00:00,2024-01-01 00:00:00
413,4,Embroidered Only,Patches,,9.0,20.0,20,0,,1,2024-01-01 00:00:00,2024-01-01 00:00:00
414,2,Garrison Blue Black,Equipment,,65.0,100.0,20,0,,1,2024-01-01 00:00:00,2024-01-01 00:00:00
415,5,Pnco Capdelace,Accessories,,110.0,200.0,9,0,,1,2024-01-01 00:00:00,2024-01-01 00:00:00
416,5,Clip,Accessories,,27.5,50.0,14,0,,1,2024-01-01 00:00:00,2024-01-01 00:00:00
417,3,Airbone,Metal,,110.0,200.0,29,0,,1,2024-01-01 00:00:00,2024-01-01 00:00:00
418,1,Sf Patch,Clothes,,118.2,197.0,32,0,,1,2024-01-01 00:00:00,2024-01-01 00:00:00
419,3,Sure Shock Pin,Metal,,99.0,180.0,17,0,,1,2024-01-01 00:00:00,2024-01-01 00:00:00
420,4,Pal Attach,Patches,,81.0,180.0,31,0,,1,2024-01-01 00:00:00,2024-01-01 00:00:00
421,4,Rank Fixi,Patches,,40.5,90.0,23,0,,1,2024-01-01 00:00:00,2024-01-01 00:00:00
422,2,Single Mag Pouch,Equipment,,117.0,180.0,20,0,,1,2024-01-01 00:00:00,2024-01-01 00:00:00
423,1,Set Garrison W Buckle,Clothes,,108.0,180.0,52,0,,1,2024-01-01 00:00:00,2024-01-01 00:00:00
424,4,Change Unit Patrol,Patches,,81.0,180.0,26,0,,1,2024-01-01 00:00:00,2024-01-01 00:00:00
425,3,Police Chief Master Sergeant Rank Fix,Metal,,49.5,90.0,20,0,,1,2024-01-01 00:00:00,2024-01-01 00:00:00
426,1,Plain Bullcap,Clothes,,108.0,180.0,31,0,,1,2024-01-01 00:00:00,2024-01-01 00:00:00
427,3,District Mobile Force Group Rank Goa,Metal,,49.5,90.0,30,0,,1,2024-01-01 00:00:00,2024-01-01 00:00:00
428,3,Rank Goa Pcms,Metal,,49.5,90.0,28,0,,1,2024-01-01 00:00:00,2024-01-01 00:00:00
429,4,Special Actior Force Tab,Patches,,15.75,35.0,18,0,,1,2024-01-01 00:00:00,2024-01-01 00:00:00
430,2,Singleclip,Equipment,,52.0,80.0,20,0,,1,2024-01-01 00:00:00,2024-01-01 00:00:00
431,2,Pair Rank,Equipment,,52.0,80.0,29,0,,1,2024-01-01 00:00:00,2024-01-01 00:00:00
432,4,Pspm Patrol,Patches,,36.0,80.0,29,0,,1,2024-01-01 00:00:00,2024-01-01 00:00:00
433,4,Pmsg Patrol,Patches,,36.0,80.0,18,0,,1,2024-01-01 00:00:00,2024-01-01 00:00:00
434,2,Whistle Lanyard,Equipment,,104.0,160.0,8,0,,1,2024-01-01 00:00:00,2024-01-01 00:00:00
435,4,Ncr Woven Less,Patches,,72.0,160.0,35,0,,1,2024-01-01 00:00:00,2024-01-01 00:00:00
436,2,Kalasag,Equipment,,26.0,40.0,26,0,,1,2024-01-01 00:00:00,2024-01-01 00:00:00
437,2,Whistle W Caribiner,Equipment,,97.5,150.0,20,0,,1,2024-01-01 00:00:00,2024-01-01 00:00:00
438,2,Bruno Kiwi,Equipment,,97.5,150.0,22,0,,1,2024-01-01 00:00:00,2024-01-01 00:00:00
439,5,M6 Me Tad,Accessories,,82.5,150.0,55,0,,1,2024-01-01 00:00:00,2024-01-01 00:00:00
440,2,Small Flight Pouch,Equipment,,97.5,150.0,35,0,,1,2024-01-01 00:00:00,2024-01-01 00:00:00
441,3,Cap Device,Metal,,82.5,150.0,18,0,,1,2024-01-01 00:00:00,2024-01-01 00:00:00
442,5,Pnp Out,Accessories,,82.5,150.0,19,0,,1,2024-01-01 00:00:00,2024-01-01 00:00:00
443,2,Nhq Woven,Equipment,,97.5,150.0,16,0,,1,2024-01-01 00:00:00,2024-01-01 00:00:00
444,6,Jordan,Shoes,,105.0,150.0,32,0,,1,2024-01-01 00:00:00,2024-01-01 00:00:00
445,5,Criminal Investigation Course,Accessories,,82.5,150.0,23,0,,1,2024-01-01 00:00:00,2024-01-01 00:00:00
446,3,Pin B Pilipinas,Metal,,82.5,150.0,28,0,,1,2024-01-01 00:00:00,2024-01-01 00:00:00
447,5,Patrol Socks,Accessories,,82.5,150.0,32,0,,1,2024-01-01 00:00:00,2024-01-01 00:00:00
448,3,Criminology Pin,Metal,,82.5,150.0,37,0,,1,2024-01-01 00:00:00,2024-01-01 00:00:00
449,3,Bison Pin,Metal,,82.5,150.0,32,0,,1,2024-01-01 00:00:00,2024-01-01 00:00:00
450,3,Brc Pin Kasanayan Papuri,Metal,,82.5,150.0,32,0,,1,2024-01-01 00:00:00,2024-01-01 00:00:00
451,3,Bisoc Pin,Metal,,82.5,150.0,31,0,,1,2024-01-01 00:00:00,2024-01-01 00:00:00
452,4,Bp Bagong Pilipinas,Patches,,67.5,150.0,32,0,,1,2024-01-01 00:00:00,2024-01-01 00:00:00
453,2,Kiwi Shoe Shiner,Equipment,,97.5,150.0,15,0,,1,2024-01-01 00:00:00,2024-01-01 00:00:00
454,4,San Juan Logo,Patches,,67.5,150.0,22,0,,1,2024-01-01 00:00:00,2024-01-01 00:00:00
455,3,Vet Badge,Metal,,82.5,150.0,34,0,,1,2024-01-01 00:00:00,2024-01-01 00:00:00
456,3,Change Rank With Pssg Patrol,Metal,,82.5,150.0,32,0,,1,2024-01-01 00:00:00,2024-01-01 00:00:00
457,4,Combat Information Center Patch,Patches,,67.5,150.0,30,0,,1,2024-01-01 00:00:00,2024-01-01 00:00:00
458,4,Pair Pems,Patches,,22.5,50.0,18,0,,1,2024-01-01 00:00:00,2024-01-01 00:00:00
459,5,Commando,Accessories,,82.5,150.0,30,0,,1,2024-01-01 00:00:00,2024-01-01 00:00:00
460,4,Pnp Bisoc,Patches,,67.5,150.0,34,0,,1,2024-01-01 00:00:00,2024-01-01 00:00:00
461,1,Scout,Clothes,,90.0,150.0,16,0,,1,2024-01-01 00:00:00,2024-01-01 00:00:00
462,1,Goa,Clothes,,84.0,140.0,37,0,,1,2024-01-01 00:00:00,2024-01-01 00:00:00
463,1,Name Mercado,Clothes,,84.0,140.0,17,0,,1,2024-01-01 00:00:00,2024-01-01 00:00:00
464,2,Attachment,Equipment,,45.5,70.0,19,0,,1,2024-01-01 00:00:00,2024-01-01 00:00:00
465,4,Embroidered Badge,Patches,,31.5,70.0,28,0,,1,2024-01-01 00:00:00,2024-01-01 00:00:00
466,5,Necktie W Tie Clip,Accessories,,77.0,140.0,30,0,,1,2024-01-01 00:00:00,2024-01-01 00:00:00
467,4,Brc,Patches,,58.5,130.0,21,0,,1,2024-01-01 00:00:00,2024-01-01 00:00:00
468,5,Eye Pio,Accessories,,71.5,130.0,9,0,,1,2024-01-01 00:00:00,2024-01-01 00:00:00
469,4,Pnpti,Patches,,18.0,40.0,23,0,,1,2024-01-01 00:00:00,2024-01-01 00:00:00
470,4,Hs Health Service,Patches,,18.0,40.0,29,0,,1,2024-01-01 00:00:00,2024-01-01 00:00:00
471,4,Basic Reconnaissance Course,Patches,,54.0,120.0,29,0,,1,2024-01-01 00:00:00,2024-01-01 00:00:00
472,4,Qcpd Quezon Police City District,Patches,,18.0,40.0,16,0,,1,2024-01-01 00:00:00,2024-01-01 00:00:00
473,4,Civil Security Group Patch,Patches,,18.0,40.0,27,0,,1,2024-01-01 00:00:00,2024-01-01 00:00:00
474,3,Ss Badge,Metal,,55.0,100.0,29,0,,1,2024-01-01 00:00:00,2024-01-01 00:00:00
475,4,Sf Specialized Function Patches,Patches,,45.0,100.0,29,0,,1,2024-01-01 00:00:00,2024-01-01 00:00:00
476,3,Badge Color,Metal,,55.0,100.0,23,0,,1,2024-01-01 00:00:00,2024-01-01 00:00:00
477,1,Batanagas Fsu,Clothes,,60.0,100.0,18,0,,1,2024-01-01 00:00:00,2024-01-01 00:00:00
478,4,Special Forces Patch,Patches,,45.0,100.0,17,0,,1,2024-01-01 00:00:00,2024-01-01 00:00:00
479,4,Sap Patch,Patches,,45.0,100.0,29,0,,1,2024-01-01 00:00:00,2024-01-01 00:00:00
480,3,Star,Metal,,27.5,50.0,32,0,,1,2024-01-01 00:00:00,2024-01-01 00:00:00
481,3,Rank Fit,Metal,,55.0,100.0,33,0,,1,2024-01-01 00:00:00,2024-01-01 00:00:00
482,4,Rank Goa,Patches,,45.0,100.0,32,0,,1,2024-01-01 00:00:00,2024-01-01 00:00:00
483,4,Pspg Pixi,Patches,,45.0,100.0,17,0,,1,2024-01-01 00:00:00,2024-01-01 00:00:00
484,4,Police Executive Master,Patches,,22.5,50.0,20,0,,1,2024-01-01 00:00:00,2024-01-01 00:00:00
485,3,Police Corporal Rank,Metal,,27.5,50.0,16,0,,1,2024-01-01 00:00:00,2024-01-01 00:00:00
486,2,Nylon Belt,Equipment,,65.0,100.0,32,0,,1,2024-01-01 00:00:00,2024-01-01 00:00:00
487,2,Pnp Logo,Equipment,,32.5,50.0,33,0,,1,2024-01-01 00:00:00,2024-01-01 00:00:00
488,2,Fg Goa,Equipment,,32.5,50.0,33,0,,1,2024-01-01 00:00:00,2024-01-01 00:00:00
489,3,Rank Star,Metal,,55.0,100.0,28,0,,1,2024-01-01 00:00:00,2024-01-01 00:00:00
490,2,Garrison Black,Equipment,,65.0,100.0,17,0,,1,2024-01-01 00:00:00,2024-01-01 00:00:00
491,5,Miranda Doctrine,Accessories,,27.5,50.0,18,0,,1,2024-01-01 00:00:00,2024-01-01 00:00:00
492,4,Rank For Pixilized,Patches,,45.0,100.0,37,0,,1,2024-01-01 00:00:00,2024-01-01 00:00:00
493,3,Pspo Pin,Metal,,55.0,100.0,8,0,,1,2024-01-01 00:00:00,2024-01-01 00:00:00
494,3,Rank Pssg,Metal,,55.0,100.0,32,0,,1,2024-01-01 00:00:00,2024-01-01 00:00:00
495,3,Pos Double Clip,Metal,,18.33,33.33,21,0,,1,2024-01-01 00:00:00,2024-01-01 00:00:00
496,1,Rubbertack,Clothes,,60.0,100.0,48,0,,1,2024-01-01 00:00:00,2024-01-01 00:00:00
497,4,Cidg Fixi,Patches,,45.0,100.0,28,0,,1,2024-01-01 00:00:00,2024-01-01 00:00:00
498,4,Police Senior Master Sergeant Patch,Patches,,22.5,50.0,28,0,,1,2024-01-01 00:00:00,2024-01-01 00:00:00
499,2,Brush,Equipment,,32.5,50.0,30,0,,1,2024-01-01 00:00:00,2024-01-01 00:00:00
500,4,Mg Fixi,Patches,,40.5,90.0,30,0,,1,2024-01-01 00:00:00,2024-01-01 00:00:00
501,5,Tai Clip,Accessories,,44.0,80.0,30,0,,1,2024-01-01 00:00:00,2024-01-01 00:00:00
502,4,Tagaligtas Patch,Patches,,18.0,40.0,19,0,,1,2024-01-01 00:00:00,2024-01-01 00:00:00
503,4,Nho National Headquarters Office,Patches,,18.0,40.0,18,0,,1,2024-01-01 00:00:00,2024-01-01 00:00:00
504,4,Master Rider,Patches,,36.0,80.0,34,0,,1,2024-01-01 00:00:00,2024-01-01 00:00:00
505,4,Rank Pmsg Patrol,Patches,,36.0,80.0,34,0,,1,2024-01-01 00:00:00,2024-01-01 00:00:00
506,4,Rank Psg Fso,Patches,,36.0,80.0,34,0,,1,2024-01-01 00:00:00,2024-01-01 00:00:00
507,4,Pixi Patch,Patches,,36.0,80.0,31,0,,1,2024-01-01 00:00:00,2024-01-01 00:00:00
508,4,Patch Fix,Patches,,36.0,80.0,31,0,,1,2024-01-01 00:00:00,2024-01-01 00:00:00
509,4,Fg,Patches,,18.0,40.0,29,0,,1,2024-01-01 00:00:00,2024-01-01 00:00:00
510,4,Las,Patches,,18.0,40.0,20,0,,1,2024-01-01 00:00:00,2024-01-01 00:00:00
511,3,Mdd Kalasag Pin,Metal,,22.0,40.0,15,0,,1,2024-01-01 00:00:00,2024-01-01 00:00:00
512,4,Spd,Patches,,18.0,40.0,34,0,,1,2024-01-01 00:00:00,2024-01-01 00:00:00
513,5,Lanyard W Pito Carabiner,Accessories,,44.0,80.0,16,0,,1,2024-01-01 00:00:00,2024-01-01 00:00:00
514,4,Internal Affairs Service,Patches,,18.0,40.0,32,0,,1,2024-01-01 00:00:00,2024-01-01 00:00:00
515,4,Pssg Patrol,Patches,,36.0,80.0,29,0,,1,2024-01-01 00:00:00,2024-01-01 00:00:00
516,3,Rank Patrol,Metal,,44.0,80.0,37,0,,1,2024-01-01 00:00:00,2024-01-01 00:00:00
517,4,Quezon City Police District,Patches,,18.0,40.0,32,0,,1,2024-01-01 00:00:00,2024-01-01 00:00:00
518,4,Health Service,Patches,,18.0,40.0,18,0,,1,2024-01-01 00:00:00,2024-01-01 00:00:00
519,3,Mpdfix1 Collar Pins,Metal,,22.0,40.0,25,0,,1,2024-01-01 00:00:00,2024-01-01 00:00:00
520,4,Police Regional Officce Patch,Patches,,18.0,40.0,28,0,,1,2024-01-01 00:00:00,2024-01-01 00:00:00
521,5,Id Lace,Accessories,,38.5,70.0,30,0,,1,2024-01-01 00:00:00,2024-01-01 00:00:00
522,4,Sosia,Patches,,31.5,70.0,31,0,,1,2024-01-01 00:00:00,2024-01-01 00:00:00
523,3,Change Unit,Metal,,38.5,70.0,31,0,,1,2024-01-01 00:00:00,2024-01-01 00:00:00
524,4,Padpao,Patches,,31.5,70.0,30,0,,1,2024-01-01 00:00:00,2024-01-01 00:00:00
525,3,Attach Only,Metal,,33.0,60.0,27,0,,1,2024-01-01 00:00:00,2024-01-01 00:00:00
526,5,Nameplate Clip,Accessories,,33.0,60.0,37,0,,1,2024-01-01 00:00:00,2024-01-01 00:00:00
527,4,Dmsg District Mobile Force Group,Patches,,22.5,50.0,27,0,,1,2024-01-01 00:00:00,2024-01-01 00:00:00
528,4,Patrolman,Patches,,22.5,50.0,19,0,,1,2024-01-01 00:00:00,2024-01-01 00:00:00
529,4,Police Chief Master Sergeant,Patches,,22.5,50.0,34,0,,1,2024-01-01 00:00:00,2024-01-01 00:00:00
530,4,Police Clothing Property Code,Patches,,11.25,25.0,24,0,,1,2024-01-01 00:00:00,2024-01-01 00:00:00
531,2,Sg Cup Device,Equipment,,32.5,50.0,28,0,,1,2024-01-01 00:00:00,2024-01-01 00:00:00
532,4,Pcms,Patches,,22.5,50.0,22,0,,1,2024-01-01 00:00:00,2024-01-01 00:00:00
533,2,Paupango,Equipment,,29.25,45.0,22,0,,1,2024-01-01 00:00:00,2024-01-01 00:00:00
534,3,Patrolman Fixed Insignia,Metal,,24.75,45.0,30,0,,1,2024-01-01 00:00:00,2024-01-01 00:00:00
535,4,Civil Security Group,Patches,,18.0,40.0,35,0,,1,2024-01-01 00:00:00,2024-01-01 00:00:00
536,4,Southern Police District,Patches,,18.0,40.0,26,0,,1,2024-01-01 00:00:00,2024-01-01 00:00:00
537,4,Aviation Security Group,Patches,,18.0,40.0,17,0,,1,2024-01-01 00:00:00,2024-01-01 00:00:00
538,1,Csg,Clothes,,24.0,40.0,36,0,,1,2024-01-01 00:00:00,2024-01-01 00:00:00
539,4,Pasay City Police Station Personnel Patch,Patches,,18.0,40.0,30,0,,1,2024-01-01 00:00:00,2024-01-01 00:00:00
540,4,Csg Civil Security Group,Patches,,18.0,40.0,29,0,,1,2024-01-01 00:00:00,2024-01-01 00:00:00
541,5,Clip Id,Accessories,,22.0,40.0,34,0,,1,2024-01-01 00:00:00,2024-01-01 00:00:00
542,4,Philippine National Police Training Institute,Patches,,18.0,40.0,21,0,,1,2024-01-01 00:00:00,2024-01-01 00:00:00
543,4,Es Engineering Service,Patches,,18.0,40.0,26,0,,1,2024-01-01 00:00:00,2024-01-01 00:00:00
544,3,Isabela,Metal,,22.0,40.0,32,0,,1,2024-01-01 00:00:00,2024-01-01 00:00:00
545,4,Nhq Patch,Patches,,18.0,40.0,30,0,,1,2024-01-01 00:00:00,2024-01-01 00:00:00
546,2,Foliage Green Camoflauge,Equipment,,26.0,40.0,19,0,,1,2024-01-01 00:00:00,2024-01-01 00:00:00
547,4,National Capital Region,Patches,,18.0,40.0,28,0,,1,2024-01-01 00:00:00,2024-01-01 00:00:00
548,4,Attach,Patches,,9.0,20.0,34,0,,1,2024-01-01 00:00:00,2024-01-01 00:00:00
549,4,Maritime Group,Patches,,18.0,40.0,22,0,,1,2024-01-01 00:00:00,2024-01-01 00:00:00
550,4,Nhq,Patches,,18.0,40.0,31,0,,1,2024-01-01 00:00:00,2024-01-01 00:00:00
551,3,Itms,Metal,,22.0,40.0,17,0,,1,2024-01-01 00:00:00,2024-01-01 00:00:00
552,3,Name,Metal,,11.0,20.0,23,0,,1,2024-01-01 00:00:00,2024-01-01 00:00:00
553,4,Manila Police District,Patches,,18.0,40.0,17,0,,1,2024-01-01 00:00:00,2024-01-01 00:00:00
554,3,Insignia,Metal,,22.0,40.0,34,0,,1,2024-01-01 00:00:00,2024-01-01 00:00:00
555,5,Pin Lock,Accessories,,2.75,5.0,24,0,,1,2024-01-01 00:00:00,2024-01-01 00:00:00
556,2,Pen,Equipment,,19.5,30.0,30,0,,1,2024-01-01 00:00:00,2024-01-01 00:00:00
557,4,Pspg Patrol,Patches,,6.75,15.0,29,0,,1,2024-01-01 00:00:00,2024-01-01 00:00:00
558,5,Goa Name Tab Or Service Ribbon Tab,Accessories,,16.5,30.0,36,0,,1,2024-01-01 00:00:00,2024-01-01 00:00:00
559,3,Bisoc Logo,Metal,,16.5,30.0,35,0,,1,2024-01-01 00:00:00,2024-01-01 00:00:00
560,4,Bisoc Tab,Patches,,13.5,30.0,20,0,,1,2024-01-01 00:00:00,2024-01-01 00:00:00
561,1,Lousy Hat,Clothes,,228.0,380.0,43,0,,1,2024-01-01 00:00:00,2024-01-01 00:00:00
562,2,Patch Id,Equipment,,195.0,300.0,54,0,,1,2024-01-01 00:00:00,2024-01-01 00:00:00
