sales_id,user_id,sale_date,payment_method,subtotal,discount,total_amount
1,2,2024-01-03 12:10:23,Cash,1200.0,0.0,1200.0
2,2,2024-01-03 14:32:33,GCash,260.0,0.0,260.0
3,4,2024-01-03 16:45:56,Cash,360.0,0.0,360.0
4,3,2024-01-04 16:54:27,GCash,700.0,0.0,700.0
5,3,2024-01-05 10:36:49,Cash,300.0,0.0,300.0
6,3,2024-01-05 17:03:35,Cash,2000.0,0.0,2000.0
7,4,2024-01-05 16:38:44,Cash,1500.0,0.0,1500.0
8,2,2024-01-05 08:01:29,GCash,1500.0,0.0,1500.0
9,3,2024-01-09 13:14:53,GCash,3000.0,0.0,3000.0
10,2,2024-01-09 08:01:39,Bank Transfer,3000.0,0.0,3000.0
11,3,2024-01-10 10:09:23,Bank Transfer,80.0,0.0,80.0
12,4,2024-01-11 14:16:59,GCash,2000.0,0.0,2000.0
13,3,2024-01-11 11:39:59,Cash,100.0,0.0,100.0
14,2,2024-01-11 14:09:33,Cash,1700.0,0.0,1700.0
15,3,2024-01-12 08:36:54,Bank Transfer,650.0,0.0,650.0
16,2,2024-01-12 09:58:21,Bank Transfer,1000.0,0.0,1000.0
17,4,2024-01-12 14:20:11,Cash,300.0,0.0,300.0
18,4,2024-01-15 10:46:57,Cash,300.0,0.0,300.0
19,4,2024-01-17 15:37:22,Cash,250.0,0.0,250.0
20,3,2024-01-17 10:56:48,Cash,120.0,0.0,120.0
21,4,2024-01-17 08:19:18,GCash,250.0,0.0,250.0
22,3,2024-01-17 08:34:53,Cash,300.0,0.0,300.0
23,2,2024-01-17 11:19:11,GCash,300.0,0.0,300.0
24,3,2024-01-17 08:49:31,GCash,1100.0,0.0,1100.0
25,3,2024-01-17 15:02:56,Cash,700.0,0.0,700.0
26,3,2024-01-18 08:42:38,Cash,1900.0,0.0,1900.0
27,4,2024-01-18 10:02:23,Credit Card,600.0,0.0,600.0
28,2,2024-01-18 14:17:03,Cash,1900.0,0.0,1900.0
29,4,2024-01-18 13:43:52,Cash,150.0,0.0,150.0
30,2,2024-01-18 13:39:36,GCash,330.0,0.0,330.0
31,3,2024-01-18 16:24:35,Cash,800.0,0.0,800.0
32,4,2024-01-18 14:17:06,GCash,500.0,0.0,500.0
33,2,2024-01-18 13:29:03,Bank Transfer,500.0,0.0,500.0
34,4,2024-01-18 10:27:50,GCash,150.0,0.0,150.0
35,3,2024-01-19 09:13:26,GCash,100.0,0.0,100.0
36,3,2024-01-19 17:49:48,GCash,100.0,0.0,100.0
37,4,2024-01-19 17:23:46,Cash,160.0,0.0,160.0
38,4,2024-01-20 14:13:16,GCash,1000.0,0.0,1000.0
39,4,2024-01-22 15:14:19,Cash,80.0,0.0,80.0
40,3,2024-01-22 12:10:41,Cash,250.0,0.0,250.0
41,4,2024-01-22 13:53:17,Cash,250.0,0.0,250.0
42,4,2024-01-22 14:51:40,Cash,750.0,0.0,750.0
43,2,2024-01-22 11:11:05,GCash,180.0,0.0,180.0
44,2,2024-01-22 12:27:09,Cash,80.0,0.0,80.0
45,2,2024-01-22 13:34:28,GCash,80.0,0.0,80.0
46,3,2024-01-22 16:10:50,Cash,80.0,0.0,80.0
47,4,2024-01-22 11:00:56,Cash,180.0,0.0,180.0
48,3,2024-01-22 08:19:06,Credit Card,350.0,0.0,350.0
49,4,2024-01-22 09:52:01,GCash,400.0,0.0,400.0
50,3,2024-01-22 08:16:19,Cash,600.0,0.0,600.0
51,4,2024-01-22 09:42:53,Bank Transfer,12150.0,0.0,12150.0
52,3,2024-01-23 16:53:36,Cash,200.0,0.0,200.0
53,4,2024-01-23 08:11:35,Credit Card,280.0,0.0,280.0
54,2,2024-01-24 15:28:31,Cash,2800.0,0.0,2800.0
55,3,2024-01-24 09:25:16,Credit Card,3000.0,0.0,3000.0
56,4,2024-01-24 10:55:08,GCash,6000.0,0.0,6000.0
57,4,2024-01-24 10:35:53,GCash,400.0,0.0,400.0
58,4,2024-01-24 13:28:09,Cash,200.0,0.0,200.0
59,4,2024-01-24 14:19:55,Credit Card,50.0,0.0,50.0
60,2,2024-01-24 13:56:59,GCash,1715.0,0.0,1715.0
61,4,2024-01-25 13:07:58,Cash,200.0,0.0,200.0
62,3,2024-01-25 09:54:52,Cash,250.0,0.0,250.0
63,4,2024-01-25 13:36:27,Cash,300.0,0.0,300.0
64,2,2024-01-25 08:34:28,Cash,900.0,0.0,900.0
65,2,2024-01-25 16:31:24,Cash,150.0,0.0,150.0
66,2,2024-01-25 08:47:04,Cash,2000.0,0.0,2000.0
67,4,2024-01-25 08:11:39,GCash,2000.0,0.0,2000.0
68,4,2024-01-25 09:17:06,GCash,5000.0,0.0,5000.0
69,2,2024-01-26 11:14:53,Bank Transfer,400.0,0.0,400.0
70,3,2024-01-26 16:06:42,Cash,200.0,0.0,200.0
71,2,2024-01-26 08:01:20,Cash,300.0,0.0,300.0
72,2,2024-01-26 09:36:29,Cash,300.0,0.0,300.0
73,4,2024-01-26 12:37:19,GCash,2000.0,0.0,2000.0
74,4,2024-01-26 10:03:47,Cash,2100.0,0.0,2100.0
75,2,2024-01-30 08:37:24,Cash,440.0,0.0,440.0
76,2,2024-01-31 13:28:05,Cash,620.0,0.0,620.0
77,3,2024-02-01 08:30:01,GCash,50.0,0.0,50.0
78,4,2024-02-01 15:37:38,Bank Transfer,270.0,0.0,270.0
79,4,2024-02-01 09:34:50,Cash,400.0,0.0,400.0
80,2,2024-02-01 12:46:47,Cash,400.0,0.0,400.0
81,3,2024-02-02 11:57:27,GCash,800.0,0.0,800.0
82,2,2024-02-02 15:53:24,Bank Transfer,300.0,0.0,300.0
83,2,2024-02-02 15:20:28,Cash,300.0,0.0,300.0
84,2,2024-02-02 12:12:39,Cash,1000.0,0.0,1000.0
85,3,2024-02-03 10:16:37,GCash,3000.0,0.0,3000.0
86,3,2024-02-03 16:51:54,GCash,1900.0,0.0,1900.0
87,4,2024-02-05 15:21:48,Cash,360.0,0.0,360.0
88,3,2024-02-05 10:29:10,Credit Card,3700.0,0.0,3700.0
89,3,2024-02-06 10:06:42,GCash,995.0,0.0,995.0
90,4,2024-02-06 16:37:10,GCash,1800.0,0.0,1800.0
91,3,2024-02-06 10:26:20,GCash,700.0,0.0,700.0
92,4,2024-02-07 09:27:17,Cash,280.0,0.0,280.0
93,4,2024-02-08 12:40:17,Credit Card,700.0,0.0,700.0
94,3,2024-02-08 13:50:38,Credit Card,40.0,0.0,40.0
95,4,2024-02-08 08:32:19,Cash,700.0,0.0,700.0
96,2,2024-02-08 17:17:10,GCash,700.0,0.0,700.0
97,2,2024-02-08 12:19:31,GCash,150.0,0.0,150.0
98,2,2024-02-08 14:00:04,Cash,1060.0,0.0,1060.0
99,2,2024-02-09 13:56:48,GCash,500.0,0.0,500.0
100,4,2024-02-09 17:49:31,Cash,25.0,0.0,25.0
101,2,2024-02-09 16:09:00,Cash,30.0,0.0,30.0
102,3,2024-02-09 11:39:22,Cash,200.0,0.0,200.0
103,4,2024-02-09 08:34:36,GCash,1220.0,0.0,1220.0
104,4,2024-02-09 14:42:00,Cash,285.0,0.0,285.0
105,4,2024-02-10 15:07:50,Cash,1200.0,0.0,1200.0
106,2,2024-02-14 16:07:44,Cash,300.0,0.0,300.0
107,3,2024-02-15 13:41:33,Cash,400.0,0.0,400.0
108,2,2024-02-15 13:12:03,Cash,1095.0,0.0,1095.0
109,2,2024-02-15 13:32:22,GCash,100.0,0.0,100.0
110,4,2024-02-16 09:37:16,GCash,700.0,0.0,700.0
111,2,2024-02-16 08:57:28,Credit Card,2000.0,0.0,2000.0
112,3,2024-02-16 12:44:11,Bank Transfer,70.0,0.0,70.0
113,2,2024-02-16 16:54:30,Cash,2600.0,0.0,2600.0
114,2,2024-02-16 10:39:49,GCash,600.0,0.0,600.0
115,4,2024-02-16 10:39:37,GCash,1700.0,0.0,1700.0
116,2,2024-02-21 17:35:22,Cash,450.0,0.0,450.0
117,2,2024-02-22 13:46:04,Cash,450.0,0.0,450.0
118,2,2024-02-22 08:39:36,Cash,180.0,0.0,180.0
119,4,2024-02-22 13:49:47,GCash,420.0,0.0,420.0
120,2,2024-02-22 08:08:36,GCash,360.0,0.0,360.0
121,3,2024-02-22 17:03:33,Cash,200.0,0.0,200.0
122,2,2024-02-22 15:27:09,Cash,520.0,0.0,520.0
123,2,2024-02-22 14:48:16,GCash,650.0,0.0,650.0
124,4,2024-02-22 17:19:28,GCash,400.0,0.0,400.0
125,2,2024-02-22 17:42:54,Cash,300.0,0.0,300.0
126,3,2024-02-24 11:44:24,GCash,400.0,0.0,400.0
127,3,2024-02-24 10:46:23,Cash,300.0,0.0,300.0
128,2,2024-02-24 10:31:46,Cash,300.0,0.0,300.0
129,3,2024-02-26 14:53:46,Cash,100.0,0.0,100.0
130,4,2024-02-26 10:43:13,Cash,400.0,0.0,400.0
131,4,2024-02-26 13:34:17,GCash,50.0,0.0,50.0
132,2,2024-02-26 12:41:05,Cash,50.0,0.0,50.0
133,4,2024-02-26 13:34:32,Cash,400.0,0.0,400.0
134,2,2024-02-27 15:54:50,GCash,1900.0,0.0,1900.0
135,2,2024-03-01 14:38:11,GCash,300.0,0.0,300.0
136,3,2024-03-01 13:51:05,GCash,2000.0,0.0,2000.0
137,4,2024-03-01 13:51:16,Cash,700.0,0.0,700.0
138,4,2024-03-01 11:03:01,GCash,950.0,0.0,950.0
139,4,2024-03-05 11:17:19,Bank Transfer,300.0,0.0,300.0
140,2,2024-03-05 16:40:56,Cash,100.0,0.0,100.0
141,3,2024-03-05 14:39:08,Bank Transfer,100.0,0.0,100.0
142,4,2024-03-05 11:22:46,GCash,150.0,0.0,150.0
143,3,2024-03-05 08:49:45,GCash,300.0,0.0,300.0
144,2,2024-03-05 16:06:55,Cash,100.0,0.0,100.0
145,4,2024-03-07 12:23:27,Cash,1500.0,0.0,1500.0
146,2,2024-03-12 15:28:06,GCash,160.0,0.0,160.0
147,4,2024-03-12 12:08:20,Bank Transfer,240.0,0.0,240.0
148,2,2024-03-15 14:50:06,Cash,50.0,0.0,50.0
149,3,2024-03-15 10:02:35,GCash,1500.0,0.0,1500.0
150,2,2024-03-15 09:47:31,GCash,1500.0,0.0,1500.0
151,4,2024-03-15 13:54:13,Bank Transfer,1800.0,0.0,1800.0
152,4,2024-03-16 15:06:07,Cash,1800.0,0.0,1800.0
153,3,2024-03-16 14:26:26,Cash,1000.0,0.0,1000.0
154,3,2024-03-16 14:12:31,Cash,1500.0,0.0,1500.0
155,2,2024-03-18 09:50:34,Cash,720.0,0.0,720.0
156,4,2024-03-18 15:41:56,Bank Transfer,200.0,0.0,200.0
157,4,2024-03-19 10:18:36,Cash,900.0,0.0,900.0
158,2,2024-03-19 13:58:28,Cash,1100.0,0.0,1100.0
159,2,2024-03-19 08:11:25,GCash,200.0,0.0,200.0
160,2,2024-03-20 09:04:10,GCash,300.0,0.0,300.0
161,3,2024-03-20 13:24:44,Bank Transfer,850.0,0.0,850.0
162,2,2024-03-21 17:05:31,Cash,2200.0,0.0,2200.0
163,3,2024-03-21 08:34:52,Cash,300.0,0.0,300.0
164,4,2024-03-21 09:41:41,Cash,700.0,0.0,700.0
165,3,2024-03-23 10:52:57,Cash,1250.0,0.0,1250.0
166,4,2024-03-25 15:36:20,GCash,280.0,0.0,280.0
167,3,2024-03-26 12:02:33,Cash,1000.0,0.0,1000.0
168,3,2024-04-01 15:48:03,GCash,1850.0,0.0,1850.0
169,4,2024-04-02 12:30:57,Cash,2000.0,0.0,2000.0
170,3,2024-04-03 17:11:48,Credit Card,300.0,0.0,300.0
171,4,2024-04-11 08:38:56,GCash,250.0,0.0,250.0
172,2,2024-04-11 13:29:24,Cash,650.0,0.0,650.0
173,4,2024-04-12 17:22:39,GCash,400.0,0.0,400.0
174,4,2024-04-12 15:48:43,Cash,750.0,0.0,750.0
175,4,2024-04-12 10:37:08,GCash,1000.0,0.0,1000.0
176,2,2024-04-12 09:22:25,Cash,500.0,0.0,500.0
177,2,2024-04-12 14:49:38,Bank Transfer,150.0,0.0,150.0
178,2,2024-04-13 09:23:09,Cash,150.0,0.0,150.0
179,3,2024-04-13 10:55:31,Credit Card,1900.0,0.0,1900.0
180,3,2024-04-13 13:01:58,Cash,150.0,0.0,150.0
181,4,2024-04-17 13:26:42,Cash,850.0,0.0,850.0
182,2,2024-04-17 16:47:28,Cash,150.0,0.0,150.0
183,2,2024-04-17 11:32:16,Credit Card,150.0,0.0,150.0
184,4,2024-04-17 10:26:24,Cash,200.0,0.0,200.0
185,2,2024-04-17 11:30:59,Cash,180.0,0.0,180.0
186,4,2024-04-18 13:22:56,Cash,200.0,0.0,200.0
187,2,2024-04-18 12:51:20,Cash,1300.0,0.0,1300.0
188,3,2024-04-18 08:39:32,Bank Transfer,1100.0,0.0,1100.0
189,2,2024-04-19 13:57:59,GCash,150.0,0.0,150.0
190,3,2024-04-19 15:51:14,Cash,380.0,0.0,380.0
191,4,2024-04-19 13:58:16,Cash,2000.0,0.0,2000.0
192,4,2024-04-29 13:51:27,Cash,2000.0,0.0,2000.0
193,4,2024-04-29 14:27:28,Cash,2000.0,0.0,2000.0
194,4,2024-04-29 13:20:48,Cash,280.0,0.0,280.0
195,3,2024-04-29 10:15:40,GCash,240.0,0.0,240.0
196,4,2024-04-29 09:36:31,Bank Transfer,520.0,0.0,520.0
197,3,2024-04-29 08:23:15,Cash,50.0,0.0,50.0
198,2,2024-04-29 11:23:52,Bank Transfer,400.0,0.0,400.0
199,3,2024-04-30 10:42:24,GCash,320.0,0.0,320.0
200,3,2024-04-30 14:50:02,Cash,180.0,0.0,180.0
201,2,2024-04-30 11:47:39,Cash,260.0,0.0,260.0
202,2,2024-04-30 13:47:52,Cash,800.0,0.0,800.0
203,3,2024-04-30 14:48:45,Credit Card,400.0,0.0,400.0
204,3,2024-04-30 15:39:09,Cash,600.0,0.0,600.0
205,3,2024-05-06 12:06:55,Cash,300.0,0.0,300.0
206,4,2024-05-06 11:49:42,GCash,1500.0,0.0,1500.0
207,4,2024-05-10 11:48:33,Cash,1800.0,0.0,1800.0
208,4,2024-05-14 14:30:27,Bank Transfer,1400.0,0.0,1400.0
209,2,2024-05-14 08:19:57,GCash,600.0,0.0,600.0
210,4,2024-05-15 14:34:54,Bank Transfer,2000.0,0.0,2000.0
211,3,2024-05-15 13:48:16,GCash,200.0,0.0,200.0
212,2,2024-05-15 10:09:29,GCash,80.0,0.0,80.0
213,2,2024-05-15 09:16:36,Cash,240.0,0.0,240.0
214,3,2024-05-15 11:42:30,Cash,3200.0,0.0,3200.0
215,3,2024-05-15 13:39:45,GCash,2200.0,0.0,2200.0
216,2,2024-05-15 10:17:03,Cash,400.0,0.0,400.0
217,3,2024-05-15 14:47:04,Cash,70.0,0.0,70.0
218,4,2024-05-15 14:33:10,Bank Transfer,150.0,0.0,150.0
219,2,2024-05-15 14:20:47,Cash,300.0,0.0,300.0
220,2,2024-05-16 11:00:27,GCash,1500.0,0.0,1500.0
221,4,2024-05-16 09:51:49,Cash,4500.0,0.0,4500.0
222,2,2024-05-17 12:23:26,GCash,300.0,0.0,300.0
223,4,2024-05-17 11:30:33,GCash,1300.0,0.0,1300.0
224,3,2024-05-17 16:36:26,Cash,650.0,0.0,650.0
225,4,2024-05-18 17:54:55,GCash,650.0,0.0,650.0
226,2,2024-05-20 08:37:12,Cash,650.0,0.0,650.0
227,3,2024-05-20 08:41:41,GCash,400.0,0.0,400.0
228,4,2024-05-20 12:33:41,Cash,2050.0,0.0,2050.0
229,3,2024-05-20 14:35:22,GCash,300.0,0.0,300.0
230,3,2024-05-20 09:15:38,Cash,650.0,0.0,650.0
231,2,2024-05-20 12:32:48,GCash,600.0,0.0,600.0
232,2,2024-05-20 12:39:57,Bank Transfer,650.0,0.0,650.0
233,2,2024-05-20 14:20:31,GCash,650.0,0.0,650.0
234,3,2024-05-20 15:39:28,GCash,300.0,0.0,300.0
235,3,2024-05-22 11:40:40,Bank Transfer,300.0,0.0,300.0
236,2,2024-05-22 08:35:29,Cash,2600.0,0.0,2600.0
237,2,2024-05-22 09:45:59,Cash,1000.0,0.0,1000.0
238,3,2024-05-23 14:22:34,Bank Transfer,50.0,0.0,50.0
239,3,2024-05-23 13:22:41,GCash,100.0,0.0,100.0
240,2,2024-05-25 17:09:33,GCash,1400.0,0.0,1400.0
241,2,2024-05-27 08:42:46,GCash,550.0,0.0,550.0
242,2,2024-05-27 17:33:02,Cash,300.0,0.0,300.0
243,3,2024-05-27 16:30:48,GCash,700.0,0.0,700.0
244,2,2024-05-27 15:03:12,Cash,400.0,0.0,400.0
245,4,2024-05-27 15:35:12,GCash,250.0,0.0,250.0
246,3,2024-05-27 09:54:18,Cash,40.0,0.0,40.0
247,2,2024-05-30 11:03:02,Cash,600.0,0.0,600.0
248,3,2024-05-30 09:21:12,Cash,400.0,0.0,400.0
249,2,2024-05-30 13:27:04,Cash,500.0,0.0,500.0
250,2,2024-05-31 12:16:27,Cash,600.0,0.0,600.0
251,3,2024-06-03 13:09:27,Bank Transfer,100.0,0.0,100.0
252,3,2024-06-03 15:27:02,Credit Card,100.0,0.0,100.0
253,2,2024-06-03 17:59:57,Cash,360.0,0.0,360.0
254,3,2024-06-03 16:06:01,Cash,160.0,0.0,160.0
255,2,2024-06-03 08:10:26,GCash,650.0,0.0,650.0
256,2,2024-06-03 12:53:19,Cash,400.0,0.0,400.0
257,2,2024-06-03 10:53:55,Cash,600.0,0.0,600.0
258,2,2024-06-04 14:58:42,Bank Transfer,1800.0,0.0,1800.0
259,4,2024-06-04 12:05:17,Cash,400.0,0.0,400.0
260,3,2024-06-04 12:49:21,Credit Card,100.0,0.0,100.0
261,2,2024-06-04 15:37:08,Cash,1800.0,0.0,1800.0
262,4,2024-06-04 15:34:42,GCash,600.0,0.0,600.0
263,3,2024-06-04 15:50:24,Cash,300.0,0.0,300.0
264,2,2024-06-04 10:56:28,Cash,1300.0,0.0,1300.0
265,2,2024-06-05 12:49:50,Cash,230.0,0.0,230.0
266,2,2024-06-06 12:19:56,GCash,700.0,0.0,700.0
267,4,2024-06-06 08:38:58,Cash,380.0,0.0,380.0
268,3,2024-06-06 13:27:53,GCash,2000.0,0.0,2000.0
269,4,2024-06-07 14:28:32,Cash,350.0,0.0,350.0
270,4,2024-06-11 08:10:48,Cash,650.0,0.0,650.0
271,3,2024-06-11 12:27:22,Bank Transfer,1900.0,0.0,1900.0
272,4,2024-06-11 10:25:56,Cash,2100.0,0.0,2100.0
273,3,2024-06-13 09:01:47,Cash,200.0,0.0,200.0
274,4,2024-06-13 17:55:27,GCash,150.0,0.0,150.0
275,4,2024-06-13 14:26:25,Cash,1900.0,0.0,1900.0
276,2,2024-06-13 17:39:09,GCash,3800.0,0.0,3800.0
277,4,2024-06-13 12:06:18,GCash,600.0,0.0,600.0
278,4,2024-06-14 08:32:55,Cash,180.0,0.0,180.0
279,4,2024-06-14 11:38:45,GCash,560.0,0.0,560.0
280,4,2024-06-14 08:32:17,Cash,900.0,0.0,900.0
281,3,2024-06-15 10:30:04,Cash,250.0,0.0,250.0
282,2,2024-06-15 14:38:30,Credit Card,1200.0,0.0,1200.0
283,4,2024-06-15 13:50:46,Cash,700.0,0.0,700.0
284,3,2024-06-15 14:36:14,Cash,600.0,0.0,600.0
285,4,2024-06-15 10:00:57,Bank Transfer,300.0,0.0,300.0
286,2,2024-06-18 11:27:34,GCash,600.0,0.0,600.0
287,3,2024-06-18 11:25:06,Cash,1000.0,0.0,1000.0
288,4,2024-06-19 09:30:53,GCash,1950.0,0.0,1950.0
289,3,2024-06-19 17:42:46,Cash,150.0,0.0,150.0
290,4,2024-06-19 15:06:34,GCash,260.0,0.0,260.0
291,3,2024-06-19 12:48:01,GCash,250.0,0.0,250.0
292,4,2024-06-20 14:26:02,GCash,2000.0,0.0,2000.0
293,4,2024-06-24 10:31:07,GCash,130.0,0.0,130.0
294,4,2024-06-26 15:40:07,Cash,3000.0,0.0,3000.0
295,3,2024-06-26 13:29:17,GCash,1500.0,0.0,1500.0
296,2,2024-06-26 08:13:00,Cash,150.0,0.0,150.0
297,2,2024-06-26 17:25:59,GCash,600.0,0.0,600.0
298,4,2024-06-26 15:16:29,Cash,300.0,0.0,300.0
299,3,2024-06-26 16:07:03,Cash,2000.0,0.0,2000.0
300,2,2024-06-27 17:48:42,Cash,300.0,0.0,300.0
301,2,2024-06-27 14:34:27,Cash,650.0,0.0,650.0
302,2,2024-06-27 16:08:32,GCash,700.0,0.0,700.0
303,2,2024-06-28 16:16:26,Cash,320.0,0.0,320.0
304,3,2024-06-28 11:11:45,Bank Transfer,180.0,0.0,180.0
305,2,2024-07-03 15:30:10,Cash,3500.0,0.0,3500.0
306,3,2024-07-03 12:49:12,Cash,400.0,0.0,400.0
307,3,2024-07-03 14:38:58,GCash,1400.0,0.0,1400.0
308,2,2024-07-03 17:07:42,Cash,600.0,0.0,600.0
309,3,2024-07-03 12:43:14,Cash,1800.0,0.0,1800.0
310,3,2024-07-03 17:18:13,Cash,10000.0,0.0,10000.0
311,4,2024-07-03 09:44:54,Cash,1600.0,0.0,1600.0
312,3,2024-07-04 16:54:27,Cash,2300.0,0.0,2300.0
313,2,2024-07-04 15:30:32,Cash,2000.0,0.0,2000.0
314,2,2024-07-04 08:24:37,Cash,50.0,0.0,50.0
315,4,2024-07-04 14:59:42,Cash,50.0,0.0,50.0
316,3,2024-07-04 16:49:15,GCash,80.0,0.0,80.0
317,2,2024-07-04 17:45:44,Cash,300.0,0.0,300.0
318,3,2024-07-11 09:45:56,GCash,2000.0,0.0,2000.0
319,4,2024-07-11 11:34:40,Cash,2000.0,0.0,2000.0
320,4,2024-07-11 13:01:19,Cash,500.0,0.0,500.0
321,3,2024-07-12 16:35:48,Cash,400.0,0.0,400.0
322,2,2024-07-12 10:13:09,Cash,700.0,0.0,700.0
323,2,2024-07-13 10:56:52,Cash,850.0,0.0,850.0
324,4,2024-07-13 16:54:43,GCash,1400.0,0.0,1400.0
325,3,2024-07-13 17:52:08,Cash,700.0,0.0,700.0
326,3,2024-07-13 08:19:30,Cash,1050.0,0.0,1050.0
327,4,2024-07-13 17:51:05,Cash,1500.0,0.0,1500.0
328,3,2024-07-13 14:24:10,GCash,300.0,0.0,300.0
329,3,2024-07-13 08:32:27,Cash,100.0,0.0,100.0
330,4,2024-07-13 12:56:33,Cash,400.0,0.0,400.0
331,4,2024-07-15 11:31:06,GCash,1400.0,0.0,1400.0
332,3,2024-07-16 12:06:52,Cash,300.0,0.0,300.0
333,3,2024-07-16 17:44:35,Bank Transfer,30.0,0.0,30.0
334,2,2024-07-16 15:58:47,Cash,160.0,0.0,160.0
335,2,2024-07-16 17:15:56,Cash,80.0,0.0,80.0
336,4,2024-07-16 16:38:36,Cash,950.0,0.0,950.0
337,2,2024-07-19 14:32:30,Cash,250.0,0.0,250.0
338,2,2024-07-23 15:37:31,GCash,300.0,0.0,300.0
339,3,2024-07-23 09:47:10,Cash,500.0,0.0,500.0
340,2,2024-07-23 09:00:09,GCash,50.0,0.0,50.0
341,2,2024-07-23 08:53:07,GCash,900.0,0.0,900.0
342,3,2024-07-23 15:37:30,Cash,800.0,0.0,800.0
343,4,2024-07-26 10:19:31,GCash,280.0,0.0,280.0
344,2,2024-07-26 12:49:51,GCash,1250.0,0.0,1250.0
345,3,2024-07-26 17:37:44,Cash,350.0,0.0,350.0
346,2,2024-07-26 17:23:15,Cash,350.0,0.0,350.0
347,3,2024-07-26 16:50:48,Cash,400.0,0.0,400.0
348,4,2024-07-29 08:04:46,Cash,100.0,0.0,100.0
349,4,2024-07-29 12:25:45,GCash,180.0,0.0,180.0
350,4,2024-07-29 17:07:33,Cash,20.0,0.0,20.0
351,2,2024-07-30 15:46:27,Cash,1800.0,0.0,1800.0
352,3,2024-07-30 08:04:32,Cash,300.0,0.0,300.0
353,3,2024-07-30 17:09:52,Cash,5700.0,0.0,5700.0
354,4,2024-07-30 10:24:49,Cash,400.0,0.0,400.0
355,4,2024-07-30 10:53:32,Cash,200.0,0.0,200.0
356,4,2024-08-03 08:49:02,GCash,90.0,0.0,90.0
357,2,2024-08-03 16:55:40,GCash,80.0,0.0,80.0
358,2,2024-08-03 13:03:12,Credit Card,120.0,0.0,120.0
359,3,2024-08-03 10:49:00,Cash,240.0,0.0,240.0
360,3,2024-08-06 09:24:45,Credit Card,300.0,0.0,300.0
361,4,2024-08-06 11:42:29,Cash,200.0,0.0,200.0
362,3,2024-08-06 12:24:53,Cash,300.0,0.0,300.0
363,3,2024-08-07 08:51:05,GCash,1900.0,0.0,1900.0
364,4,2024-08-08 08:23:56,Cash,500.0,0.0,500.0
365,2,2024-08-08 09:17:12,Cash,150.0,0.0,150.0
366,3,2024-08-08 14:31:54,GCash,150.0,0.0,150.0
367,2,2024-08-08 13:01:18,Bank Transfer,150.0,0.0,150.0
368,2,2024-08-08 17:32:16,Cash,50.0,0.0,50.0
369,4,2024-08-08 08:33:34,Cash,50.0,0.0,50.0
370,4,2024-08-08 08:12:36,Cash,150.0,0.0,150.0
371,2,2024-08-10 13:08:04,GCash,1800.0,0.0,1800.0
372,4,2024-08-12 08:47:42,Cash,300.0,0.0,300.0
373,4,2024-08-12 09:50:42,Cash,420.0,0.0,420.0
374,4,2024-08-13 17:31:58,Bank Transfer,800.0,0.0,800.0
375,4,2024-08-16 15:08:23,Cash,650.0,0.0,650.0
376,3,2024-08-16 13:21:32,GCash,300.0,0.0,300.0
377,2,2024-08-16 09:54:13,Bank Transfer,900.0,0.0,900.0
378,4,2024-08-16 14:57:58,Cash,250.0,0.0,250.0
379,2,2024-08-16 10:10:57,Cash,700.0,0.0,700.0
380,3,2024-08-16 17:42:57,GCash,400.0,0.0,400.0
381,4,2024-08-19 10:55:39,GCash,3000.0,0.0,3000.0
382,3,2024-08-19 08:09:21,Cash,1500.0,0.0,1500.0
383,2,2024-08-28 13:41:20,Cash,400.0,0.0,400.0
384,2,2024-08-28 11:58:33,Cash,40.0,0.0,40.0
385,2,2024-08-28 16:06:07,Cash,200.0,0.0,200.0
386,3,2024-08-28 11:34:17,Cash,600.0,0.0,600.0
387,4,2024-08-28 15:17:29,Bank Transfer,180.0,0.0,180.0
388,4,2024-08-28 15:20:43,Cash,400.0,0.0,400.0
389,2,2024-08-28 15:18:46,Cash,350.0,0.0,350.0
390,4,2024-08-29 14:14:32,Credit Card,1900.0,0.0,1900.0
391,3,2024-08-29 14:09:30,GCash,250.0,0.0,250.0
392,4,2024-09-02 15:04:57,Cash,1100.0,0.0,1100.0
393,3,2024-09-02 13:35:18,Cash,700.0,0.0,700.0
394,3,2024-09-02 14:14:34,Cash,1900.0,0.0,1900.0
395,3,2024-09-03 11:37:06,Cash,200.0,0.0,200.0
396,4,2024-09-04 16:17:40,Cash,400.0,0.0,400.0
397,3,2024-09-04 09:26:13,Cash,300.0,0.0,300.0
398,2,2024-09-05 08:20:36,Bank Transfer,410.0,0.0,410.0
399,3,2024-09-05 16:08:47,GCash,80.0,0.0,80.0
400,4,2024-09-05 16:59:00,GCash,100.0,0.0,100.0
401,4,2024-09-06 12:38:09,Cash,900.0,0.0,900.0
402,3,2024-09-06 13:35:43,GCash,500.0,0.0,500.0
403,4,2024-09-11 14:18:58,Cash,1350.0,0.0,1350.0
404,2,2024-09-12 09:11:32,Bank Transfer,1750.0,0.0,1750.0
405,4,2024-09-14 08:03:43,Cash,300.0,0.0,300.0
406,3,2024-09-14 13:22:00,Cash,2000.0,0.0,2000.0
407,2,2024-09-14 11:47:24,Cash,150.0,0.0,150.0
408,3,2024-09-14 12:25:55,GCash,130.0,0.0,130.0
409,3,2024-09-14 09:05:11,Credit Card,250.0,0.0,250.0
410,3,2024-09-19 09:04:40,GCash,1400.0,0.0,1400.0
411,2,2024-09-19 11:41:27,Cash,700.0,0.0,700.0
412,4,2024-09-19 17:28:53,Cash,250.0,0.0,250.0
413,4,2024-09-19 15:19:57,Credit Card,900.0,0.0,900.0
414,2,2024-09-20 17:30:10,Cash,70.0,0.0,70.0
415,4,2024-09-20 11:01:07,GCash,600.0,0.0,600.0
416,3,2024-09-20 13:54:52,Cash,250.0,0.0,250.0
417,2,2024-09-20 14:25:14,Cash,300.0,0.0,300.0
418,3,2024-09-20 13:25:23,Cash,40.0,0.0,40.0
419,2,2024-09-20 09:05:04,Cash,80.0,0.0,80.0
420,3,2024-09-20 14:41:28,Cash,150.0,0.0,150.0
421,2,2024-09-20 11:38:43,Bank Transfer,300.0,0.0,300.0
422,3,2024-09-20 14:40:05,Cash,350.0,0.0,350.0
423,2,2024-09-20 12:20:57,GCash,200.0,0.0,200.0
424,2,2024-09-20 14:10:15,Cash,300.0,0.0,300.0
425,4,2024-09-20 13:44:33,Cash,350.0,0.0,350.0
426,3,2024-09-20 09:34:30,GCash,300.0,0.0,300.0
427,2,2024-09-20 10:29:17,GCash,300.0,0.0,300.0
428,4,2024-09-20 13:26:05,Cash,600.0,0.0,600.0
429,3,2024-09-21 14:54:57,Cash,150.0,0.0,150.0
430,2,2024-09-21 10:09:34,Credit Card,300.0,0.0,300.0
431,4,2024-09-21 16:39:35,Cash,500.0,0.0,500.0
432,2,2024-09-21 10:01:07,Cash,150.0,0.0,150.0
433,4,2024-09-21 16:15:57,Cash,250.0,0.0,250.0
434,2,2024-09-21 17:59:43,Cash,600.0,0.0,600.0
435,4,2024-09-21 08:09:22,Cash,160.0,0.0,160.0
436,3,2024-09-23 17:05:28,GCash,250.0,0.0,250.0
437,2,2024-09-23 12:25:08,Cash,1200.0,0.0,1200.0
438,4,2024-09-23 11:53:51,Cash,2000.0,0.0,2000.0
439,3,2024-09-24 11:37:04,Cash,200.0,0.0,200.0
440,2,2024-09-24 17:21:42,Cash,350.0,0.0,350.0
441,4,2024-09-25 13:44:16,Cash,50.0,0.0,50.0
442,4,2024-09-25 11:04:43,GCash,1350.0,0.0,1350.0
443,2,2024-09-25 08:59:25,Cash,400.0,0.0,400.0
444,3,2024-09-25 13:57:52,Cash,150.0,0.0,150.0
445,4,2024-09-25 15:05:45,Cash,360.0,0.0,360.0
446,2,2024-09-26 16:39:51,Cash,80.0,0.0,80.0
447,4,2024-09-26 12:38:28,Cash,550.0,0.0,550.0
448,3,2024-09-26 11:24:04,GCash,1100.0,0.0,1100.0
449,2,2024-09-26 17:31:16,Credit Card,1900.0,0.0,1900.0
450,2,2024-09-26 09:50:25,Bank Transfer,900.0,0.0,900.0
451,4,2024-09-26 08:38:54,Cash,1700.0,0.0,1700.0
452,4,2024-09-26 12:42:16,Cash,1300.0,0.0,1300.0
453,4,2024-09-26 12:07:34,Cash,200.0,0.0,200.0
454,3,2024-09-26 08:24:43,GCash,900.0,0.0,900.0
455,2,2024-10-01 12:46:36,Cash,400.0,0.0,400.0
456,2,2024-10-02 12:43:23,Cash,600.0,0.0,600.0
457,2,2024-10-02 16:15:49,Cash,300.0,0.0,300.0
458,2,2024-10-02 08:44:02,Cash,2800.0,0.0,2800.0
459,2,2024-10-03 15:49:40,GCash,70.0,0.0,70.0
460,4,2024-10-03 08:10:44,Cash,260.0,0.0,260.0
461,2,2024-10-03 09:57:14,Cash,140.0,0.0,140.0
462,4,2024-10-03 17:42:16,Cash,400.0,0.0,400.0
463,4,2024-10-03 11:37:57,Credit Card,240.0,0.0,240.0
464,3,2024-10-06 14:54:15,GCash,550.0,0.0,550.0
465,3,2024-10-09 15:11:09,Credit Card,1000.0,0.0,1000.0
466,3,2024-10-09 12:41:47,Cash,350.0,0.0,350.0
467,3,2024-10-11 12:36:09,Cash,150.0,0.0,150.0
468,4,2024-10-11 12:47:54,Credit Card,600.0,0.0,600.0
469,3,2024-10-14 10:15:38,Cash,200.0,0.0,200.0
470,4,2024-10-14 12:59:26,GCash,240.0,0.0,240.0
471,4,2024-10-14 17:53:34,Cash,3000.0,0.0,3000.0
472,2,2024-10-14 10:47:38,Cash,200.0,0.0,200.0
473,4,2024-10-15 16:25:13,Cash,540.0,0.0,540.0
474,2,2024-10-16 12:28:02,Cash,1900.0,0.0,1900.0
475,2,2024-10-16 11:46:42,Cash,1900.0,0.0,1900.0
476,3,2024-10-16 16:33:00,Bank Transfer,2000.0,0.0,2000.0
477,4,2024-10-16 13:25:05,Cash,50.0,0.0,50.0
478,3,2024-10-16 14:46:09,Cash,30.0,0.0,30.0
479,4,2024-10-16 17:27:28,GCash,1585.0,0.0,1585.0
480,2,2024-10-17 17:37:14,Cash,1000.0,0.0,1000.0
481,4,2024-10-18 10:05:56,Cash,1300.0,0.0,1300.0
482,2,2024-10-22 14:04:14,GCash,280.0,0.0,280.0
483,2,2024-10-22 17:12:53,Bank Transfer,400.0,0.0,400.0
484,2,2024-10-23 08:03:04,GCash,1100.0,0.0,1100.0
485,4,2024-10-23 16:12:36,GCash,1000.0,0.0,1000.0
486,3,2024-10-23 10:16:02,GCash,1000.0,0.0,1000.0
487,4,2024-10-24 15:38:47,Credit Card,800.0,0.0,800.0
488,4,2024-10-24 10:49:40,Cash,800.0,0.0,800.0
489,4,2024-10-24 14:17:39,Bank Transfer,400.0,0.0,400.0
490,3,2024-10-25 14:13:35,GCash,3600.0,0.0,3600.0
491,4,2024-10-25 14:23:13,Bank Transfer,1200.0,0.0,1200.0
492,2,2024-10-25 08:19:48,GCash,3000.0,0.0,3000.0
493,3,2024-10-25 13:01:51,GCash,1000.0,0.0,1000.0
494,2,2024-10-26 11:49:46,GCash,800.0,0.0,800.0
495,3,2024-10-28 13:44:36,Cash,480.0,0.0,480.0
496,3,2024-10-28 17:07:31,Cash,400.0,0.0,400.0
497,4,2024-10-28 09:52:35,Cash,1400.0,0.0,1400.0
498,4,2024-10-28 13:16:31,Cash,1300.0,0.0,1300.0
499,2,2024-10-30 13:12:57,GCash,280.0,0.0,280.0
500,4,2024-10-30 09:15:54,Cash,250.0,0.0,250.0
501,2,2024-10-30 14:03:33,Bank Transfer,150.0,0.0,150.0
502,3,2024-10-30 14:02:45,Cash,200.0,0.0,200.0
503,3,2024-10-30 12:22:19,GCash,540.0,0.0,540.0
504,4,2024-10-30 15:44:52,Cash,270.0,0.0,270.0
505,3,2024-10-30 14:56:25,GCash,850.0,0.0,850.0
506,4,2024-10-30 10:19:23,GCash,2700.0,0.0,2700.0
507,2,2024-10-30 12:03:33,Bank Transfer,1800.0,0.0,1800.0
508,3,2024-10-30 09:24:05,GCash,1800.0,0.0,1800.0
509,4,2024-10-30 16:19:52,Cash,350.0,0.0,350.0
510,4,2024-10-30 14:19:48,GCash,1200.0,0.0,1200.0
511,4,2024-10-30 15:01:50,Cash,400.0,0.0,400.0
512,3,2024-10-30 13:03:21,Cash,360.0,0.0,360.0
513,2,2024-10-31 08:13:23,Cash,495.0,0.0,495.0
514,2,2024-10-31 09:50:23,Cash,150.0,0.0,150.0
515,2,2024-10-31 15:02:29,GCash,400.0,0.0,400.0
516,3,2024-10-31 14:08:39,Cash,900.0,0.0,900.0
517,4,2024-11-01 10:47:02,GCash,1200.0,0.0,1200.0
518,2,2024-11-04 14:17:52,Bank Transfer,900.0,0.0,900.0
519,2,2024-11-04 08:02:38,Cash,400.0,0.0,400.0
520,3,2024-11-04 11:43:38,Cash,150.0,0.0,150.0
521,2,2024-11-04 09:11:48,Cash,280.0,0.0,280.0
522,4,2024-11-04 12:20:57,Cash,150.0,0.0,150.0
523,3,2024-11-04 11:05:11,Cash,200.0,0.0,200.0
524,4,2024-11-04 16:30:48,GCash,140.0,0.0,140.0
525,3,2024-11-04 13:45:38,GCash,60.0,0.0,60.0
526,3,2024-11-04 17:19:35,GCash,100.0,0.0,100.0
527,4,2024-11-04 11:42:08,GCash,160.0,0.0,160.0
528,2,2024-11-14 16:33:08,GCash,400.0,0.0,400.0
529,2,2024-11-14 10:21:50,GCash,100.0,0.0,100.0
530,4,2024-11-14 14:19:43,Cash,120.0,0.0,120.0
531,2,2024-11-14 15:36:43,GCash,150.0,0.0,150.0
532,4,2024-11-14 17:27:49,Cash,150.0,0.0,150.0
533,4,2024-11-14 11:43:56,Cash,600.0,0.0,600.0
534,4,2024-11-14 15:00:36,GCash,1820.0,0.0,1820.0
535,2,2024-11-14 16:23:17,Cash,460.0,0.0,460.0
536,3,2024-11-15 12:00:25,GCash,300.0,0.0,300.0
537,2,2024-11-15 10:19:10,Cash,80.0,0.0,80.0
538,4,2024-11-15 13:30:49,Cash,400.0,0.0,400.0
539,2,2024-11-15 14:38:34,Cash,1300.0,0.0,1300.0
540,3,2024-11-18 09:49:48,Cash,1100.0,0.0,1100.0
541,2,2024-11-18 11:12:03,Cash,1400.0,0.0,1400.0
542,2,2024-11-18 13:59:35,Bank Transfer,130.0,0.0,130.0
543,3,2024-11-18 16:26:49,Credit Card,700.0,0.0,700.0
544,2,2024-11-19 11:48:58,Cash,150.0,0.0,150.0
545,2,2024-11-19 14:06:12,GCash,50.0,0.0,50.0
546,4,2024-11-19 15:31:51,Cash,50.0,0.0,50.0
547,2,2024-11-20 14:58:07,GCash,2000.0,0.0,2000.0
548,2,2024-11-20 09:38:54,Bank Transfer,3800.0,0.0,3800.0
549,2,2024-11-20 08:22:08,Cash,200.0,0.0,200.0
550,4,2024-11-20 09:40:12,GCash,350.0,0.0,350.0
551,4,2024-11-20 15:50:42,Cash,350.0,0.0,350.0
552,3,2024-11-20 13:43:00,GCash,130.0,0.0,130.0
553,2,2024-11-21 11:30:02,Credit Card,1500.0,0.0,1500.0
554,3,2024-11-21 08:59:59,Cash,250.0,0.0,250.0
555,4,2024-11-21 15:54:25,Cash,800.0,0.0,800.0
556,4,2024-11-22 12:20:25,Credit Card,1100.0,0.0,1100.0
557,4,2024-11-22 16:29:10,Cash,40.0,0.0,40.0
558,2,2024-11-22 12:26:28,GCash,250.0,0.0,250.0
559,2,2024-11-23 09:06:46,GCash,100.0,0.0,100.0
560,3,2024-11-26 16:46:49,Cash,350.0,0.0,350.0
561,2,2024-11-27 08:09:03,Bank Transfer,1700.0,0.0,1700.0
562,2,2024-11-27 11:12:01,Cash,1600.0,0.0,1600.0
563,2,2024-11-27 15:41:11,Cash,700.0,0.0,700.0
564,4,2024-11-28 12:05:06,GCash,100.0,0.0,100.0
565,4,2024-11-28 17:43:46,Cash,525.0,0.0,525.0
566,3,2024-11-28 13:53:19,Cash,480.0,0.0,480.0
567,3,2024-11-28 17:38:30,Cash,450.0,0.0,450.0
568,2,2024-11-28 16:00:47,Cash,2300.0,0.0,2300.0
569,3,2024-11-28 12:39:06,GCash,455.0,0.0,455.0
570,2,2024-11-28 16:53:37,Credit Card,840.0,0.0,840.0
571,2,2024-11-28 16:55:59,Cash,360.0,0.0,360.0
572,3,2024-11-28 10:54:24,Cash,60.0,0.0,60.0
573,3,2024-11-28 08:01:22,GCash,350.0,0.0,350.0
574,3,2024-11-28 15:09:07,Bank Transfer,340.0,0.0,340.0
575,3,2024-11-28 08:35:25,Cash,300.0,0.0,300.0
576,2,2024-11-28 17:45:57,GCash,455.0,0.0,455.0
577,4,2024-11-28 13:33:44,GCash,750.0,0.0,750.0
578,2,2024-11-28 14:17:45,GCash,360.0,0.0,360.0
579,3,2024-11-28 13:11:29,GCash,1440.0,0.0,1440.0
580,3,2024-11-28 17:16:59,Cash,960.0,0.0,960.0
581,4,2024-11-28 16:49:49,Bank Transfer,960.0,0.0,960.0
582,3,2024-11-28 14:59:49,Cash,750.0,0.0,750.0
583,2,2024-11-28 10:49:32,Bank Transfer,300.0,0.0,300.0
584,3,2024-11-28 13:53:18,Credit Card,60.0,0.0,60.0
585,3,2024-11-28 12:34:14,GCash,340.0,0.0,340.0
586,4,2024-11-28 15:45:39,Cash,360.0,0.0,360.0
587,3,2024-11-28 17:52:32,Bank Transfer,1400.0,0.0,1400.0
588,4,2024-11-28 10:26:38,Cash,350.0,0.0,350.0
589,3,2024-11-28 11:43:50,Cash,250.0,0.0,250.0
590,4,2024-11-28 17:59:14,Cash,700.0,0.0,700.0
591,4,2024-11-28 12:00:16,Cash,840.0,0.0,840.0
592,4,2024-11-28 16:34:45,Credit Card,840.0,0.0,840.0
593,4,2024-11-28 14:03:38,Cash,2300.0,0.0,2300.0
594,3,2024-11-28 10:58:42,Cash,2300.0,0.0,2300.0
595,4,2024-11-28 17:26:34,Cash,840.0,0.0,840.0
596,3,2024-11-28 16:43:29,Cash,325.0,0.0,325.0
597,3,2024-11-28 09:55:41,GCash,2400.0,0.0,2400.0
598,3,2024-11-28 13:02:08,GCash,420.0,0.0,420.0
599,3,2024-11-28 14:34:21,Cash,420.0,0.0,420.0
600,3,2024-11-28 13:47:26,GCash,840.0,0.0,840.0
601,3,2024-11-28 12:52:13,Cash,2300.0,0.0,2300.0
602,2,2024-11-28 11:50:54,GCash,325.0,0.0,325.0
603,2,2024-11-28 12:58:39,Bank Transfer,60.0,0.0,60.0
604,4,2024-11-28 15:52:25,Cash,340.0,0.0,340.0
605,4,2024-11-28 10:29:50,Cash,100.0,0.0,100.0
606,2,2024-11-28 16:37:16,Cash,350.0,0.0,350.0
607,2,2024-11-29 12:13:28,Cash,340.0,0.0,340.0
608,2,2024-11-29 09:02:38,Bank Transfer,230.0,0.0,230.0
609,4,2024-11-29 13:05:08,GCash,350.0,0.0,350.0
610,3,2024-11-29 09:52:55,GCash,840.0,0.0,840.0
611,2,2024-11-29 11:59:48,GCash,80.0,0.0,80.0
612,4,2024-11-29 09:25:56,GCash,400.0,0.0,400.0
613,3,2024-11-29 13:12:31,Cash,400.0,0.0,400.0
614,3,2024-11-29 08:11:34,Cash,455.0,0.0,455.0
615,2,2024-11-29 14:58:40,Cash,340.0,0.0,340.0
616,3,2024-11-29 16:12:35,Cash,1440.0,0.0,1440.0
617,4,2024-11-29 16:20:06,Cash,1440.0,0.0,1440.0
618,3,2024-11-29 09:12:28,GCash,75.0,0.0,75.0
619,3,2024-11-29 13:43:47,Cash,350.0,0.0,350.0
620,2,2024-11-29 12:48:45,Cash,350.0,0.0,350.0
621,3,2024-11-29 11:48:22,GCash,320.0,0.0,320.0
622,2,2024-11-29 12:04:32,Credit Card,840.0,0.0,840.0
623,4,2024-11-29 17:59:53,Cash,780.0,0.0,780.0
624,3,2024-11-29 10:55:10,GCash,455.0,0.0,455.0
625,4,2024-11-29 09:35:14,Cash,400.0,0.0,400.0
626,3,2024-11-29 15:01:09,Cash,350.0,0.0,350.0
627,3,2024-11-29 08:42:00,Cash,325.0,0.0,325.0
628,4,2024-11-29 12:43:10,GCash,1000.0,0.0,1000.0
629,2,2024-11-29 17:03:19,Cash,1680.0,0.0,1680.0
630,3,2024-11-29 12:13:48,GCash,700.0,0.0,700.0
631,4,2024-11-29 10:10:43,Cash,900.0,0.0,900.0
632,4,2024-11-29 11:30:50,Cash,250.0,0.0,250.0
633,2,2024-11-29 09:17:43,Bank Transfer,250.0,0.0,250.0
634,2,2024-11-29 16:10:29,Bank Transfer,160.0,0.0,160.0
635,4,2024-11-29 11:13:50,GCash,1680.0,0.0,1680.0
636,2,2024-11-29 11:53:52,Cash,40.0,0.0,40.0
637,4,2024-11-29 11:55:12,Cash,40.0,0.0,40.0
638,3,2024-11-29 15:09:59,GCash,160.0,0.0,160.0
639,2,2024-11-29 11:58:35,Credit Card,350.0,0.0,350.0
640,2,2024-11-29 15:28:58,Cash,600.0,0.0,600.0
641,2,2024-11-29 16:10:04,Cash,400.0,0.0,400.0
642,2,2024-11-29 16:36:45,Cash,160.0,0.0,160.0
643,3,2024-11-29 10:10:13,GCash,350.0,0.0,350.0
644,2,2024-11-30 15:27:43,GCash,350.0,0.0,350.0
645,3,2024-11-30 09:20:02,Bank Transfer,360.0,0.0,360.0
646,3,2024-11-30 10:12:06,GCash,100.0,0.0,100.0
647,2,2024-11-30 10:16:37,GCash,960.0,0.0,960.0
648,3,2024-11-30 13:17:40,Cash,960.0,0.0,960.0
649,3,2024-11-30 17:11:53,Cash,60.0,0.0,60.0
650,3,2024-11-30 15:56:07,Bank Transfer,350.0,0.0,350.0
651,3,2024-11-30 12:48:36,Cash,250.0,0.0,250.0
652,4,2024-11-30 10:07:02,Cash,350.0,0.0,350.0
653,2,2024-11-30 11:10:36,Cash,1800.0,0.0,1800.0
654,3,2024-11-30 17:01:09,Cash,1250.0,0.0,1250.0
655,4,2024-11-30 15:39:54,Cash,650.0,0.0,650.0
656,2,2024-11-30 11:54:53,Cash,1250.0,0.0,1250.0
657,2,2024-11-30 17:50:19,GCash,650.0,0.0,650.0
658,3,2024-11-30 11:53:31,Credit Card,220.0,0.0,220.0
659,4,2024-11-30 13:34:33,Cash,1440.0,0.0,1440.0
660,2,2024-11-30 12:41:45,Cash,200.0,0.0,200.0
661,3,2024-11-30 16:24:48,GCash,400.0,0.0,400.0
662,3,2024-11-30 17:28:34,Bank Transfer,60.0,0.0,60.0
663,2,2024-11-30 10:04:11,Cash,2300.0,0.0,2300.0
664,2,2024-11-30 13:57:20,Cash,780.0,0.0,780.0
665,4,2024-11-30 11:49:42,GCash,1440.0,0.0,1440.0
666,3,2024-11-30 09:24:38,GCash,650.0,0.0,650.0
667,3,2024-11-30 13:13:04,Bank Transfer,360.0,0.0,360.0
668,2,2024-11-30 16:00:33,GCash,350.0,0.0,350.0
669,4,2024-11-30 10:11:22,Bank Transfer,100.0,0.0,100.0
670,3,2024-11-30 08:26:25,Cash,1440.0,0.0,1440.0
671,3,2024-11-30 10:49:11,GCash,1800.0,0.0,1800.0
672,3,2024-11-30 12:31:25,GCash,2300.0,0.0,2300.0
673,4,2024-11-30 09:49:25,Cash,200.0,0.0,200.0
674,4,2024-12-03 16:32:18,GCash,50.0,0.0,50.0
675,4,2024-12-03 10:15:12,GCash,260.0,0.0,260.0
676,4,2024-12-03 13:53:12,GCash,160.0,0.0,160.0
677,4,2024-12-03 16:22:03,GCash,450.0,0.0,450.0
678,3,2024-12-03 16:04:25,Cash,4200.0,0.0,4200.0
679,4,2024-12-03 15:40:26,Bank Transfer,120.0,0.0,120.0
680,3,2024-12-03 17:51:06,Cash,60.0,0.0,60.0
681,2,2024-12-03 09:37:23,GCash,60.0,0.0,60.0
682,3,2024-12-03 14:31:10,GCash,100.0,0.0,100.0
683,2,2024-12-03 11:22:44,Cash,150.0,0.0,150.0
684,2,2024-12-03 12:43:31,Bank Transfer,100.0,0.0,100.0
685,2,2024-12-04 15:07:00,GCash,350.0,0.0,350.0
686,4,2024-12-04 09:24:42,GCash,700.0,0.0,700.0
687,4,2024-12-04 16:32:38,GCash,700.0,0.0,700.0
688,4,2024-12-04 10:17:43,GCash,2000.0,0.0,2000.0
689,2,2024-12-04 13:44:02,Cash,100.0,0.0,100.0
690,4,2024-12-04 13:20:54,Cash,260.0,0.0,260.0
691,2,2024-12-04 15:15:29,GCash,120.0,0.0,120.0
692,4,2024-12-04 15:16:37,Cash,450.0,0.0,450.0
693,4,2024-12-04 10:41:01,GCash,160.0,0.0,160.0
694,4,2024-12-05 11:27:26,GCash,3000.0,0.0,3000.0
695,4,2024-12-05 15:45:54,GCash,750.0,0.0,750.0
696,2,2024-12-05 16:35:06,Cash,300.0,0.0,300.0
697,2,2024-12-05 16:08:29,Credit Card,350.0,0.0,350.0
698,2,2024-12-05 15:49:44,GCash,700.0,0.0,700.0
699,4,2024-12-05 12:54:28,Bank Transfer,700.0,0.0,700.0
700,2,2024-12-05 15:10:27,GCash,300.0,0.0,300.0
701,4,2024-12-09 10:23:04,GCash,100.0,0.0,100.0
702,3,2024-12-09 15:27:29,Cash,50.0,0.0,50.0
703,4,2024-12-09 08:07:47,Cash,150.0,0.0,150.0
704,4,2024-12-09 15:31:02,GCash,40.0,0.0,40.0
705,2,2024-12-09 14:45:15,GCash,200.0,0.0,200.0
706,3,2024-12-09 13:49:45,Cash,50.0,0.0,50.0
707,4,2024-12-09 14:16:28,Cash,80.0,0.0,80.0
708,3,2024-12-09 14:42:45,Cash,250.0,0.0,250.0
709,2,2024-12-09 08:49:43,GCash,200.0,0.0,200.0
710,4,2024-12-09 14:37:47,GCash,250.0,0.0,250.0
711,4,2024-12-09 13:29:47,Cash,650.0,0.0,650.0
712,2,2024-12-09 08:40:37,Cash,1200.0,0.0,1200.0
713,2,2024-12-09 17:44:23,GCash,80.0,0.0,80.0
714,4,2024-12-09 08:26:04,Cash,50.0,0.0,50.0
715,2,2024-12-10 08:09:03,Cash,2200.0,0.0,2200.0
716,2,2024-12-11 09:48:17,Cash,900.0,0.0,900.0
717,3,2024-12-11 09:40:59,GCash,400.0,0.0,400.0
718,2,2024-12-11 10:50:06,Cash,700.0,0.0,700.0
719,3,2024-12-12 08:43:15,Cash,1300.0,0.0,1300.0
720,4,2024-12-12 14:33:56,GCash,300.0,0.0,300.0
721,2,2024-12-13 12:47:02,Cash,2100.0,0.0,2100.0
722,4,2024-12-13 15:07:10,Cash,400.0,0.0,400.0
723,3,2024-12-14 11:55:37,Cash,1500.0,0.0,1500.0
724,3,2024-12-14 15:25:35,Cash,450.0,0.0,450.0
725,2,2024-12-14 16:08:52,Credit Card,600.0,0.0,600.0
726,2,2024-12-14 11:15:32,Bank Transfer,90.0,0.0,90.0
727,3,2024-12-14 08:45:05,GCash,360.0,0.0,360.0
728,4,2024-12-14 15:11:41,Cash,560.0,0.0,560.0
729,2,2024-12-14 10:30:02,GCash,455.0,0.0,455.0
730,2,2024-12-14 09:17:09,GCash,455.0,0.0,455.0
731,4,2024-12-14 17:24:40,Cash,250.0,0.0,250.0
732,2,2024-12-14 17:49:31,Cash,3300.0,0.0,3300.0
733,3,2024-12-15 08:52:34,GCash,1800.0,0.0,1800.0
734,2,2024-12-15 17:20:24,GCash,360.0,0.0,360.0
735,3,2024-12-15 10:44:15,Cash,150.0,0.0,150.0
736,2,2024-12-15 16:25:37,Cash,200.0,0.0,200.0
737,2,2024-12-15 11:49:15,Bank Transfer,250.0,0.0,250.0
738,4,2024-12-15 17:22:56,Cash,325.0,0.0,325.0
739,4,2024-12-15 08:08:46,Cash,300.0,0.0,300.0
740,2,2024-12-15 14:11:27,Cash,700.0,0.0,700.0
741,4,2024-12-15 10:32:01,GCash,350.0,0.0,350.0
742,4,2024-12-15 17:34:40,Cash,750.0,0.0,750.0
743,3,2024-12-15 14:00:14,GCash,200.0,0.0,200.0
744,2,2024-12-15 15:25:27,Cash,800.0,0.0,800.0
745,3,2024-12-15 14:59:21,Cash,700.0,0.0,700.0
746,2,2024-12-15 08:56:56,Cash,150.0,0.0,150.0
747,3,2024-12-15 14:50:46,Cash,170.0,0.0,170.0
748,3,2024-12-15 11:37:57,GCash,360.0,0.0,360.0
749,2,2024-12-15 14:13:18,Cash,650.0,0.0,650.0
750,2,2024-12-15 09:58:04,Cash,325.0,0.0,325.0
751,4,2024-12-15 14:05:03,Credit Card,1800.0,0.0,1800.0
752,3,2024-12-15 16:51:49,Cash,2300.0,0.0,2300.0
753,3,2024-12-15 08:34:44,Cash,800.0,0.0,800.0
754,2,2024-12-15 12:29:55,Cash,350.0,0.0,350.0
755,4,2024-12-16 14:57:41,Cash,150.0,0.0,150.0
756,3,2024-12-16 09:00:22,GCash,1200.0,0.0,1200.0
757,3,2024-12-16 13:43:07,Bank Transfer,700.0,0.0,700.0
758,2,2024-12-16 09:12:23,GCash,250.0,0.0,250.0
759,2,2024-12-16 10:55:43,GCash,300.0,0.0,300.0
760,2,2024-12-16 09:07:41,GCash,400.0,0.0,400.0
761,2,2024-12-16 12:23:37,Cash,1200.0,0.0,1200.0
762,4,2024-12-16 14:44:55,GCash,250.0,0.0,250.0
763,3,2024-12-16 10:26:22,Cash,150.0,0.0,150.0
764,2,2024-12-16 16:08:22,Cash,1400.0,0.0,1400.0
765,2,2024-12-16 16:18:34,GCash,2000.0,0.0,2000.0
766,2,2024-12-17 14:38:27,Cash,1000.0,0.0,1000.0
767,2,2024-12-17 10:30:30,Credit Card,840.0,0.0,840.0
768,4,2024-12-17 16:19:36,GCash,260.0,0.0,260.0
769,3,2024-12-17 09:30:47,GCash,455.0,0.0,455.0
770,4,2024-12-17 09:28:10,Cash,360.0,0.0,360.0
771,4,2024-12-17 15:31:57,Cash,2000.0,0.0,2000.0
772,2,2024-12-17 15:45:21,Cash,150.0,0.0,150.0
773,2,2024-12-17 15:02:20,Cash,1000.0,0.0,1000.0
774,3,2024-12-18 12:17:25,GCash,200.0,0.0,200.0
775,4,2024-12-18 16:04:05,GCash,150.0,0.0,150.0
776,4,2024-12-18 10:10:10,Bank Transfer,3300.0,0.0,3300.0
777,3,2024-12-19 14:44:21,Cash,2000.0,0.0,2000.0
778,4,2024-12-19 11:17:16,Cash,900.0,0.0,900.0
779,3,2024-12-19 12:05:35,GCash,250.0,0.0,250.0
780,3,2024-12-20 12:56:37,Cash,400.0,0.0,400.0
781,4,2024-12-21 12:34:15,Cash,1200.0,0.0,1200.0
782,2,2024-12-21 14:33:52,Cash,800.0,0.0,800.0
783,3,2024-12-21 13:24:09,Cash,200.0,0.0,200.0
784,2,2024-12-21 16:17:19,Cash,450.0,0.0,450.0
785,2,2024-12-21 13:04:12,Cash,2330.0,0.0,2330.0
786,4,2024-12-21 17:08:43,Bank Transfer,100.0,0.0,100.0
787,2,2024-12-22 17:36:50,GCash,1250.0,0.0,1250.0
788,4,2024-12-22 17:04:56,Cash,200.0,0.0,200.0
789,2,2024-12-22 10:17:42,GCash,360.0,0.0,360.0
790,4,2024-12-22 16:20:09,Cash,100.0,0.0,100.0
791,2,2024-12-22 15:46:07,GCash,150.0,0.0,150.0
792,4,2024-12-22 14:36:06,Cash,300.0,0.0,300.0
793,4,2024-12-22 08:15:17,Cash,200.0,0.0,200.0
794,3,2024-12-22 14:27:18,Cash,450.0,0.0,450.0
795,4,2024-12-22 09:18:16,Cash,200.0,0.0,200.0
796,2,2024-12-22 10:48:45,Cash,350.0,0.0,350.0
797,4,2024-12-22 17:58:06,GCash,200.0,0.0,200.0
798,4,2024-12-22 13:59:12,Cash,800.0,0.0,800.0
799,2,2024-12-22 10:10:50,Cash,100.0,0.0,100.0
800,4,2024-12-22 13:34:45,GCash,60.0,0.0,60.0
801,4,2024-12-22 13:29:17,Cash,455.0,0.0,455.0
802,3,2024-12-22 10:20:31,Cash,650.0,0.0,650.0
803,2,2024-12-22 17:05:33,GCash,1250.0,0.0,1250.0
804,4,2024-12-22 16:47:48,Cash,230.0,0.0,230.0
805,2,2024-12-22 14:47:22,GCash,200.0,0.0,200.0
806,3,2024-12-22 16:05:24,GCash,800.0,0.0,800.0
807,2,2024-12-22 12:38:04,Bank Transfer,1200.0,0.0,1200.0
808,3,2024-12-27 16:45:04,Cash,150.0,0.0,150.0
809,4,2024-12-27 15:45:02,Cash,160.0,0.0,160.0
810,3,2024-12-27 14:52:35,Bank Transfer,160.0,0.0,160.0
811,3,2024-12-27 17:29:41,Credit Card,850.0,0.0,850.0
812,3,2024-12-28 08:46:26,Bank Transfer,1200.0,0.0,1200.0
813,4,2024-12-28 17:26:37,Cash,660.0,0.0,660.0
814,4,2025-01-02 12:05:57,Bank Transfer,700.0,0.0,700.0
815,4,2025-01-02 09:52:29,GCash,300.0,0.0,300.0
816,4,2025-01-02 08:34:31,Cash,1000.0,0.0,1000.0
817,4,2025-01-02 09:19:10,Cash,2500.0,0.0,2500.0
818,4,2025-01-07 10:48:53,Cash,700.0,0.0,700.0
819,3,2025-01-08 10:58:20,Bank Transfer,2000.0,0.0,2000.0
820,3,2025-01-08 15:24:42,Cash,350.0,0.0,350.0
821,3,2025-01-08 09:14:30,Cash,850.0,0.0,850.0
822,3,2025-01-08 09:50:59,Cash,850.0,0.0,850.0
823,3,2025-01-08 15:52:12,Cash,700.0,0.0,700.0
824,4,2025-01-10 10:09:17,Cash,1100.0,0.0,1100.0
825,3,2025-01-10 16:21:34,Cash,240.0,0.0,240.0
826,3,2025-01-10 13:31:10,Bank Transfer,2000.0,0.0,2000.0
827,4,2025-01-13 09:42:50,Cash,500.0,0.0,500.0
828,4,2025-01-13 11:33:54,Cash,60.0,0.0,60.0
829,2,2025-01-13 08:00:10,Cash,1330.0,0.0,1330.0
830,2,2025-01-13 13:47:41,GCash,450.0,0.0,450.0
831,3,2025-01-13 11:07:55,GCash,1000.0,0.0,1000.0
832,3,2025-01-13 10:24:20,GCash,250.0,0.0,250.0
833,2,2025-01-14 14:26:30,GCash,80.0,0.0,80.0
834,3,2025-01-14 11:15:44,Cash,150.0,0.0,150.0
835,3,2025-01-14 15:47:58,Cash,40.0,0.0,40.0
836,4,2025-01-14 10:42:08,Cash,120.0,0.0,120.0
837,3,2025-01-14 12:08:58,Cash,40.0,0.0,40.0
838,4,2025-01-14 10:06:56,Cash,120.0,0.0,120.0
839,3,2025-01-14 14:41:03,Cash,50.0,0.0,50.0
840,2,2025-01-14 16:22:51,Cash,40.0,0.0,40.0
841,4,2025-01-14 17:00:40,Cash,80.0,0.0,80.0
842,3,2025-01-14 16:28:46,Cash,1400.0,0.0,1400.0
843,3,2025-01-15 16:19:14,Cash,50.0,0.0,50.0
844,3,2025-01-15 13:47:41,Bank Transfer,40.0,0.0,40.0
845,2,2025-01-15 09:28:37,Credit Card,500.0,0.0,500.0
846,2,2025-01-15 14:25:03,Cash,140.0,0.0,140.0
847,2,2025-01-15 15:41:53,GCash,800.0,0.0,800.0
848,4,2025-01-15 13:33:37,Cash,700.0,0.0,700.0
849,4,2025-01-15 15:40:27,GCash,1300.0,0.0,1300.0
850,3,2025-01-15 12:40:04,GCash,200.0,0.0,200.0
851,2,2025-01-15 17:45:39,Cash,400.0,0.0,400.0
852,4,2025-01-15 17:40:24,Cash,150.0,0.0,150.0
853,4,2025-01-15 12:46:40,Cash,800.0,0.0,800.0
854,2,2025-01-16 15:57:39,Cash,650.0,0.0,650.0
855,4,2025-01-16 09:51:11,GCash,750.0,0.0,750.0
856,3,2025-01-16 13:27:34,GCash,700.0,0.0,700.0
857,4,2025-01-16 12:15:25,Cash,2000.0,0.0,2000.0
858,2,2025-01-16 14:34:50,Credit Card,4000.0,0.0,4000.0
859,3,2025-01-16 11:43:17,Cash,1000.0,0.0,1000.0
860,3,2025-01-17 09:01:17,Bank Transfer,800.0,0.0,800.0
861,3,2025-01-17 11:39:28,Credit Card,80.0,0.0,80.0
862,3,2025-01-17 16:11:14,Cash,1000.0,0.0,1000.0
863,2,2025-01-18 16:32:45,GCash,250.0,0.0,250.0
864,3,2025-01-18 16:14:50,GCash,300.0,0.0,300.0
865,4,2025-01-20 14:41:08,Cash,1200.0,0.0,1200.0
866,2,2025-01-20 12:12:29,GCash,800.0,0.0,800.0
867,2,2025-01-20 14:27:33,Cash,5250.0,0.0,5250.0
868,3,2025-01-20 15:31:59,Cash,350.0,0.0,350.0
869,3,2025-01-21 14:58:30,GCash,900.0,0.0,900.0
870,3,2025-01-22 08:11:15,Cash,10000.0,0.0,10000.0
871,4,2025-01-22 09:48:23,Bank Transfer,1050.0,0.0,1050.0
872,4,2025-01-22 12:34:02,Cash,10000.0,0.0,10000.0
873,2,2025-01-22 08:44:50,Cash,100.0,0.0,100.0
874,3,2025-01-22 11:49:48,GCash,300.0,0.0,300.0
875,3,2025-01-22 11:34:21,GCash,1380.0,0.0,1380.0
876,3,2025-01-23 15:04:04,Cash,50.0,0.0,50.0
877,4,2025-01-23 16:55:47,GCash,100.0,0.0,100.0
878,2,2025-01-23 13:14:04,Bank Transfer,50.0,0.0,50.0
879,4,2025-01-23 14:35:04,Cash,40.0,0.0,40.0
880,2,2025-01-23 15:29:01,Cash,40.0,0.0,40.0
881,4,2025-01-23 15:19:26,Cash,80.0,0.0,80.0
882,4,2025-01-23 12:02:45,GCash,40.0,0.0,40.0
883,2,2025-01-23 14:25:06,GCash,40.0,0.0,40.0
884,2,2025-01-23 09:08:28,Cash,40.0,0.0,40.0
885,2,2025-01-23 15:17:50,GCash,80.0,0.0,80.0
886,4,2025-01-23 14:34:45,Cash,3400.0,0.0,3400.0
887,2,2025-01-23 17:49:39,Cash,900.0,0.0,900.0
888,3,2025-01-23 17:23:16,GCash,2000.0,0.0,2000.0
889,2,2025-01-23 15:26:12,GCash,750.0,0.0,750.0
890,4,2025-01-23 08:54:22,GCash,500.0,0.0,500.0
891,3,2025-01-23 16:57:22,Cash,850.0,0.0,850.0
892,2,2025-01-23 13:34:24,GCash,850.0,0.0,850.0
893,4,2025-01-23 17:28:07,Cash,350.0,0.0,350.0
894,4,2025-01-23 11:45:09,Bank Transfer,12000.0,0.0,12000.0
895,3,2025-01-24 15:36:53,Cash,2300.0,0.0,2300.0
896,4,2025-01-24 09:20:56,GCash,700.0,0.0,700.0
897,4,2025-01-24 16:00:53,GCash,400.0,0.0,400.0
898,3,2025-01-24 12:22:13,Cash,1100.0,0.0,1100.0
899,4,2025-01-24 08:58:53,Cash,600.0,0.0,600.0
900,4,2025-01-24 13:51:55,Cash,1400.0,0.0,1400.0
901,2,2025-01-25 08:41:36,Cash,450.0,0.0,450.0
902,4,2025-01-28 12:36:57,GCash,150.0,0.0,150.0
903,3,2025-01-30 17:20:15,Cash,40.0,0.0,40.0
904,3,2025-01-30 11:54:21,GCash,30.0,0.0,30.0
905,3,2025-01-30 10:56:27,Cash,45.0,0.0,45.0
906,3,2025-01-30 14:15:34,GCash,40.0,0.0,40.0
907,2,2025-01-30 11:53:39,Cash,80.0,0.0,80.0
908,2,2025-01-30 09:06:40,Bank Transfer,100.0,0.0,100.0
909,4,2025-01-30 09:38:25,GCash,45.0,0.0,45.0
910,2,2025-01-30 10:40:56,Cash,40.0,0.0,40.0
911,2,2025-01-30 14:52:03,Bank Transfer,40.0,0.0,40.0
912,4,2025-01-30 10:07:16,GCash,120.0,0.0,120.0
913,2,2025-01-31 08:17:31,GCash,180.0,0.0,180.0
914,3,2025-01-31 17:04:54,Cash,650.0,0.0,650.0
915,4,2025-01-31 15:01:05,GCash,1300.0,0.0,1300.0
916,4,2025-01-31 10:23:24,GCash,250.0,0.0,250.0
917,4,2025-01-31 10:54:14,Cash,300.0,0.0,300.0
918,2,2025-01-31 09:41:57,GCash,180.0,0.0,180.0
919,2,2025-01-31 15:39:49,Cash,180.0,0.0,180.0
920,4,2025-01-31 14:21:32,GCash,50.0,0.0,50.0
921,4,2025-01-31 17:35:36,Cash,80.0,0.0,80.0
922,4,2025-01-31 08:45:34,Cash,550.0,0.0,550.0
923,4,2025-01-31 14:51:47,Cash,550.0,0.0,550.0
924,4,2025-01-31 09:27:57,Cash,180.0,0.0,180.0
925,3,2025-01-31 12:16:40,GCash,1300.0,0.0,1300.0
926,4,2025-02-01 16:17:45,GCash,300.0,0.0,300.0
927,2,2025-02-01 14:32:39,Cash,400.0,0.0,400.0
928,2,2025-02-01 17:32:58,Cash,550.0,0.0,550.0
929,3,2025-02-01 16:57:14,Cash,350.0,0.0,350.0
930,2,2025-02-03 12:36:23,Cash,180.0,0.0,180.0
931,2,2025-02-03 15:31:42,GCash,3700.0,0.0,3700.0
932,2,2025-02-03 17:08:25,Bank Transfer,1400.0,0.0,1400.0
933,3,2025-02-03 10:04:07,Bank Transfer,80.0,0.0,80.0
934,3,2025-02-03 17:35:43,Cash,80.0,0.0,80.0
935,2,2025-02-04 08:53:01,Cash,300.0,0.0,300.0
936,2,2025-02-06 12:10:04,Cash,240.0,0.0,240.0
937,2,2025-02-06 16:38:20,GCash,60.0,0.0,60.0
938,2,2025-02-06 13:58:59,Cash,560.0,0.0,560.0
939,4,2025-02-07 14:50:09,Cash,400.0,0.0,400.0
940,2,2025-02-07 13:31:54,GCash,230.0,0.0,230.0
941,2,2025-02-08 08:59:41,Credit Card,240.0,0.0,240.0
942,4,2025-02-08 10:12:36,Cash,140.0,0.0,140.0
943,3,2025-02-08 13:23:17,GCash,200.0,0.0,200.0
944,3,2025-02-08 12:02:10,GCash,150.0,0.0,150.0
945,4,2025-02-08 13:33:02,GCash,400.0,0.0,400.0
946,3,2025-02-08 15:12:20,Cash,40.0,0.0,40.0
947,2,2025-02-08 10:19:46,Bank Transfer,80.0,0.0,80.0
948,3,2025-02-08 10:19:56,Cash,40.0,0.0,40.0
949,3,2025-02-08 16:48:56,Cash,30.0,0.0,30.0
950,4,2025-02-08 14:34:05,GCash,30.0,0.0,30.0
951,3,2025-02-08 10:04:42,Cash,150.0,0.0,150.0
952,4,2025-02-08 13:39:22,GCash,150.0,0.0,150.0
953,3,2025-02-08 09:55:57,GCash,40.0,0.0,40.0
954,3,2025-02-08 15:42:08,GCash,40.0,0.0,40.0
955,2,2025-02-08 11:50:46,Bank Transfer,400.0,0.0,400.0
956,3,2025-02-10 17:26:17,GCash,300.0,0.0,300.0
957,3,2025-02-10 11:21:55,Cash,315.0,0.0,315.0
958,2,2025-02-10 16:37:03,Cash,470.0,0.0,470.0
959,3,2025-02-10 16:59:40,Cash,1790.0,0.0,1790.0
960,2,2025-02-11 09:33:32,Cash,300.0,0.0,300.0
961,3,2025-02-11 14:29:47,GCash,50.0,0.0,50.0
962,2,2025-02-11 11:17:16,GCash,200.0,0.0,200.0
963,4,2025-02-11 09:15:47,GCash,920.0,0.0,920.0
964,2,2025-02-12 13:13:29,Cash,180.0,0.0,180.0
965,3,2025-02-12 11:57:07,Bank Transfer,150.0,0.0,150.0
966,2,2025-02-12 11:23:00,Cash,950.0,0.0,950.0
967,3,2025-02-12 09:51:19,Cash,200.0,0.0,200.0
968,3,2025-02-12 11:41:16,Bank Transfer,700.0,0.0,700.0
969,3,2025-02-12 15:59:37,GCash,300.0,0.0,300.0
970,2,2025-02-12 11:08:55,GCash,250.0,0.0,250.0
971,4,2025-02-12 16:28:19,GCash,300.0,0.0,300.0
972,2,2025-02-12 11:38:44,Cash,150.0,0.0,150.0
973,3,2025-02-12 08:54:52,GCash,400.0,0.0,400.0
974,4,2025-02-13 16:01:19,GCash,1000.0,0.0,1000.0
975,2,2025-02-13 12:26:03,GCash,300.0,0.0,300.0
976,2,2025-02-13 09:11:49,Cash,1800.0,0.0,1800.0
977,3,2025-02-14 10:46:07,Cash,200.0,0.0,200.0
978,2,2025-02-15 16:40:57,GCash,140.0,0.0,140.0
979,3,2025-02-15 10:23:19,Bank Transfer,40.0,0.0,40.0
980,2,2025-02-15 12:48:25,Cash,360.0,0.0,360.0
981,2,2025-02-15 15:39:20,GCash,500.0,0.0,500.0
982,4,2025-02-15 14:46:58,Cash,500.0,0.0,500.0
983,3,2025-02-15 17:35:49,Cash,175.0,0.0,175.0
984,3,2025-02-15 16:41:48,Cash,380.0,0.0,380.0
985,2,2025-02-15 10:46:00,Cash,140.0,0.0,140.0
986,4,2025-02-15 16:15:15,Cash,350.0,0.0,350.0
987,2,2025-02-15 13:19:49,Bank Transfer,100.0,0.0,100.0
988,4,2025-02-17 10:59:32,Cash,650.0,0.0,650.0
989,2,2025-02-17 11:22:58,Cash,900.0,0.0,900.0
990,2,2025-02-17 11:36:19,Cash,1800.0,0.0,1800.0
991,4,2025-02-17 08:03:02,GCash,150.0,0.0,150.0
992,4,2025-02-17 08:54:20,Cash,150.0,0.0,150.0
993,2,2025-02-17 14:11:57,GCash,400.0,0.0,400.0
994,2,2025-02-17 16:56:42,Cash,300.0,0.0,300.0
995,4,2025-02-17 09:48:39,Cash,800.0,0.0,800.0
996,3,2025-02-17 09:14:22,Cash,80.0,0.0,80.0
997,4,2025-02-17 14:27:07,Cash,160.0,0.0,160.0
998,4,2025-02-17 14:58:20,Cash,200.0,0.0,200.0
999,3,2025-02-18 15:12:49,Cash,1000.0,0.0,1000.0
1000,4,2025-02-18 17:04:28,GCash,2400.0,0.0,2400.0
1001,2,2025-02-18 09:33:07,Cash,800.0,0.0,800.0
1002,2,2025-02-18 13:38:44,GCash,700.0,0.0,700.0
1003,2,2025-02-20 13:20:23,Cash,280.0,0.0,280.0
1004,3,2025-02-24 13:15:21,GCash,850.0,0.0,850.0
1005,2,2025-02-24 10:25:14,GCash,200.0,0.0,200.0
1006,2,2025-02-24 10:05:29,Cash,1825.0,0.0,1825.0
1007,2,2025-02-24 15:08:23,Cash,1825.0,0.0,1825.0
1008,2,2025-02-26 17:34:10,Cash,2000.0,0.0,2000.0
1009,4,2025-02-28 10:57:08,Cash,350.0,0.0,350.0
1010,4,2025-03-01 13:12:21,Bank Transfer,2100.0,0.0,2100.0
1011,2,2025-03-03 14:01:22,GCash,180.0,0.0,180.0
1012,4,2025-03-03 15:47:19,Cash,250.0,0.0,250.0
1013,4,2025-03-03 14:01:34,Credit Card,280.0,0.0,280.0
1014,3,2025-03-03 16:27:27,GCash,360.0,0.0,360.0
1015,3,2025-03-03 13:24:27,GCash,3500.0,0.0,3500.0
1016,4,2025-03-03 08:16:17,GCash,250.0,0.0,250.0
1017,2,2025-03-04 10:18:31,Bank Transfer,1000.0,0.0,1000.0
1018,4,2025-03-05 16:00:37,GCash,200.0,0.0,200.0
1019,2,2025-03-05 16:21:53,Cash,1100.0,0.0,1100.0
1020,2,2025-03-06 10:41:16,GCash,600.0,0.0,600.0
1021,4,2025-03-06 11:59:51,GCash,1300.0,0.0,1300.0
1022,4,2025-03-06 11:38:33,Cash,150.0,0.0,150.0
1023,2,2025-03-11 15:33:06,Bank Transfer,1000.0,0.0,1000.0
1024,3,2025-03-11 08:48:02,Cash,950.0,0.0,950.0
1025,4,2025-03-11 12:33:44,Cash,1000.0,0.0,1000.0
1026,2,2025-03-11 13:22:52,Bank Transfer,1000.0,0.0,1000.0
1027,3,2025-03-11 12:31:47,Cash,250.0,0.0,250.0
1028,3,2025-03-11 13:54:02,Cash,350.0,0.0,350.0
1029,2,2025-03-11 15:36:54,Cash,350.0,0.0,350.0
1030,3,2025-03-11 15:01:13,Cash,800.0,0.0,800.0
1031,3,2025-03-11 11:36:23,Cash,220.0,0.0,220.0
1032,4,2025-03-11 15:55:31,Credit Card,140.0,0.0,140.0
1033,4,2025-03-11 15:27:55,Cash,280.0,0.0,280.0
1034,4,2025-03-11 16:45:48,Cash,100.0,0.0,100.0
1035,4,2025-03-11 12:43:33,Bank Transfer,150.0,0.0,150.0
1036,2,2025-03-11 09:06:12,GCash,2400.0,0.0,2400.0
1037,4,2025-03-11 15:01:28,Cash,350.0,0.0,350.0
1038,3,2025-03-12 14:59:06,GCash,1140.0,0.0,1140.0
1039,4,2025-03-12 14:47:30,Cash,280.0,0.0,280.0
1040,4,2025-03-12 15:05:48,Cash,200.0,0.0,200.0
1041,3,2025-03-12 17:07:24,Cash,200.0,0.0,200.0
1042,4,2025-03-13 17:45:05,Cash,650.0,0.0,650.0
1043,3,2025-03-13 12:40:41,GCash,200.0,0.0,200.0
1044,4,2025-03-14 08:14:00,Cash,1140.0,0.0,1140.0
1045,2,2025-03-14 11:50:31,Cash,200.0,0.0,200.0
1046,3,2025-03-14 08:41:47,GCash,50.0,0.0,50.0
1047,4,2025-03-17 17:52:52,Cash,800.0,0.0,800.0
1048,4,2025-03-18 15:50:11,GCash,250.0,0.0,250.0
1049,3,2025-03-18 13:13:28,Cash,300.0,0.0,300.0
1050,2,2025-03-18 14:07:27,Cash,300.0,0.0,300.0
1051,2,2025-03-18 12:43:03,GCash,150.0,0.0,150.0
1052,4,2025-03-18 16:19:48,Cash,1300.0,0.0,1300.0
1053,2,2025-03-18 15:48:09,Cash,400.0,0.0,400.0
1054,3,2025-03-18 15:53:05,Bank Transfer,300.0,0.0,300.0
1055,2,2025-03-18 10:21:24,GCash,1500.0,0.0,1500.0
1056,4,2025-03-21 09:28:35,Cash,150.0,0.0,150.0
1057,3,2025-03-21 17:21:28,GCash,1800.0,0.0,1800.0
1058,2,2025-03-21 15:09:17,Bank Transfer,1500.0,0.0,1500.0
1059,2,2025-03-21 15:38:48,GCash,30.0,0.0,30.0
1060,3,2025-03-24 09:05:34,GCash,400.0,0.0,400.0
1061,3,2025-03-24 14:03:35,Cash,100.0,0.0,100.0
1062,4,2025-03-24 14:07:03,GCash,1100.0,0.0,1100.0
1063,4,2025-03-25 10:52:10,Cash,350.0,0.0,350.0
1064,4,2025-03-25 14:06:37,Cash,400.0,0.0,400.0
1065,2,2025-03-25 16:10:18,Bank Transfer,50.0,0.0,50.0
1066,3,2025-03-25 15:21:26,Cash,300.0,0.0,300.0
1067,4,2025-03-25 17:06:32,Cash,100.0,0.0,100.0
1068,4,2025-03-26 12:46:48,Cash,500.0,0.0,500.0
1069,2,2025-03-27 15:45:47,GCash,40.0,0.0,40.0
1070,2,2025-03-27 14:27:29,Bank Transfer,40.0,0.0,40.0
1071,2,2025-03-27 17:01:42,Credit Card,80.0,0.0,80.0
1072,2,2025-03-27 17:05:25,Credit Card,50.0,0.0,50.0
1073,3,2025-03-27 08:23:38,Cash,80.0,0.0,80.0
1074,3,2025-03-27 17:21:33,Cash,250.0,0.0,250.0
1075,3,2025-03-27 15:43:15,GCash,120.0,0.0,120.0
1076,4,2025-03-27 11:29:02,GCash,40.0,0.0,40.0
1077,2,2025-03-28 16:03:34,Cash,250.0,0.0,250.0
1078,4,2025-03-29 17:26:50,Cash,550.0,0.0,550.0
1079,4,2025-03-29 12:34:14,Cash,1300.0,0.0,1300.0
1080,2,2025-03-29 12:38:39,GCash,350.0,0.0,350.0
1081,3,2025-03-29 08:02:03,Cash,100.0,0.0,100.0
1082,2,2025-03-29 10:40:22,Cash,150.0,0.0,150.0
1083,3,2025-04-01 13:08:45,Cash,120.0,0.0,120.0
1084,3,2025-04-01 16:44:45,GCash,500.0,0.0,500.0
1085,4,2025-04-01 10:45:39,Cash,120.0,0.0,120.0
1086,3,2025-04-01 15:32:19,Cash,250.0,0.0,250.0
1087,4,2025-04-01 08:46:59,Bank Transfer,70.0,0.0,70.0
1088,3,2025-04-01 08:01:22,Cash,40.0,0.0,40.0
1089,2,2025-04-01 17:21:44,Cash,70.0,0.0,70.0
1090,3,2025-04-01 08:46:30,Cash,600.0,0.0,600.0
1091,2,2025-04-03 16:53:15,Cash,475.0,0.0,475.0
1092,2,2025-04-03 14:46:51,Cash,475.0,0.0,475.0
1093,4,2025-05-01 14:57:01,GCash,95.0,0.0,95.0
1094,4,2025-05-01 16:43:24,Cash,900.0,0.0,900.0
1095,4,2025-05-01 15:32:25,Cash,1250.0,0.0,1250.0
1096,2,2025-05-02 16:26:41,Cash,800.0,0.0,800.0
1097,4,2025-05-02 14:21:20,Cash,590.0,0.0,590.0
1098,2,2025-05-02 17:53:37,Bank Transfer,3750.0,0.0,3750.0
1099,4,2025-05-04 12:37:30,GCash,170.0,0.0,170.0
1100,3,2025-05-04 12:05:20,Cash,250.0,0.0,250.0
1101,2,2025-05-04 09:58:22,Cash,140.0,0.0,140.0
1102,4,2025-05-05 17:44:55,GCash,100.0,0.0,100.0
1103,3,2025-05-05 10:56:02,GCash,1610.0,0.0,1610.0
1104,2,2025-05-05 16:35:52,GCash,850.0,0.0,850.0
1105,4,2025-05-06 13:43:04,Credit Card,265.0,0.0,265.0
1106,2,2025-05-07 10:42:35,Cash,400.0,0.0,400.0
1107,4,2025-05-07 13:40:21,Bank Transfer,850.0,0.0,850.0
1108,4,2025-05-07 09:04:21,Cash,525.0,0.0,525.0
1109,3,2025-05-08 11:58:35,Credit Card,285.0,0.0,285.0
1110,3,2025-05-08 13:58:59,Credit Card,195.0,0.0,195.0
1111,2,2025-05-09 09:28:10,Cash,1400.0,0.0,1400.0
1112,4,2025-05-09 08:01:51,Cash,900.0,0.0,900.0
1113,3,2025-05-09 11:50:10,Bank Transfer,600.0,0.0,600.0
1114,2,2025-05-10 15:10:31,Bank Transfer,200.0,0.0,200.0
1115,3,2025-05-10 09:05:13,Cash,120.0,0.0,120.0
1116,4,2025-05-11 17:30:51,Cash,80.0,0.0,80.0
1117,2,2025-05-11 17:38:44,Cash,900.0,0.0,900.0
1118,2,2025-05-12 08:34:57,GCash,50.0,0.0,50.0
1119,4,2025-05-12 10:21:45,Cash,120.0,0.0,120.0
1120,2,2025-05-14 13:10:36,Cash,1050.0,0.0,1050.0
1121,2,2025-05-14 11:34:29,Cash,290.0,0.0,290.0
1122,4,2025-05-14 11:17:06,GCash,950.0,0.0,950.0
1123,2,2025-05-15 13:22:03,Cash,105.0,0.0,105.0
1124,4,2025-05-15 14:54:52,Cash,160.0,0.0,160.0
1125,4,2025-05-15 10:33:56,Bank Transfer,750.0,0.0,750.0
1126,4,2025-05-15 12:19:57,Cash,1000.0,0.0,1000.0
1127,4,2025-05-16 12:01:52,Bank Transfer,1250.0,0.0,1250.0
1128,4,2025-05-16 10:26:34,Bank Transfer,500.0,0.0,500.0
1129,2,2025-05-16 13:41:18,Cash,850.0,0.0,850.0
1130,4,2025-05-16 14:06:04,Cash,300.0,0.0,300.0
1131,4,2025-05-16 08:12:00,Bank Transfer,650.0,0.0,650.0
1132,4,2025-05-16 15:34:07,GCash,300.0,0.0,300.0
1133,3,2025-05-16 17:13:29,Cash,650.0,0.0,650.0
1134,3,2025-05-18 15:42:13,Cash,2450.0,0.0,2450.0
1135,2,2025-05-18 13:46:10,Cash,740.0,0.0,740.0
1136,2,2025-05-19 16:44:18,Cash,650.0,0.0,650.0
1137,3,2025-05-19 09:54:22,GCash,50.0,0.0,50.0
1138,4,2025-05-20 11:13:36,Cash,345.0,0.0,345.0
1139,4,2025-05-20 17:23:23,Cash,325.0,0.0,325.0
1140,3,2025-05-20 15:22:54,Cash,190.0,0.0,190.0
1141,3,2025-05-20 09:37:18,GCash,1000.0,0.0,1000.0
1142,2,2025-05-22 10:39:17,Bank Transfer,1950.0,0.0,1950.0
1143,2,2025-05-22 15:09:54,Cash,100.0,0.0,100.0
1144,3,2025-05-22 13:58:09,Cash,750.0,0.0,750.0
1145,4,2025-05-23 12:21:23,Cash,350.0,0.0,350.0
1146,2,2025-05-23 09:46:43,Cash,265.0,0.0,265.0
1147,2,2025-05-25 10:09:06,Credit Card,175.0,0.0,175.0
1148,2,2025-05-25 13:13:34,Cash,190.0,0.0,190.0
1149,3,2025-05-25 11:53:34,Cash,325.0,0.0,325.0
1150,2,2025-05-26 16:03:42,Bank Transfer,300.0,0.0,300.0
1151,2,2025-05-26 12:23:53,GCash,265.0,0.0,265.0
1152,3,2025-05-26 16:19:47,Cash,150.0,0.0,150.0
1153,4,2025-05-26 11:40:13,GCash,40.0,0.0,40.0
1154,4,2025-05-26 16:31:29,GCash,155.0,0.0,155.0
1155,4,2025-05-26 10:21:30,GCash,800.0,0.0,800.0
1156,4,2025-05-27 12:16:15,Cash,265.0,0.0,265.0
1157,4,2025-05-27 12:34:22,GCash,50.0,0.0,50.0
1158,4,2025-05-28 15:47:42,Cash,175.0,0.0,175.0
1159,2,2025-05-28 12:21:40,Cash,150.0,0.0,150.0
1160,4,2025-05-28 10:15:28,Cash,370.0,0.0,370.0
1161,2,2025-05-29 14:54:18,Credit Card,300.0,0.0,300.0
1162,3,2025-05-29 10:07:31,Cash,350.0,0.0,350.0
1163,4,2025-05-31 09:58:15,Cash,1500.0,0.0,1500.0
1164,4,2025-05-31 14:36:19,Cash,90.0,0.0,90.0
1165,4,2025-05-31 08:30:57,Cash,145.0,0.0,145.0
1166,3,2025-05-31 11:45:28,Cash,1450.0,0.0,1450.0
1167,2,2025-05-31 16:30:49,Bank Transfer,140.0,0.0,140.0
1168,2,2025-05-31 16:12:41,Bank Transfer,880.0,0.0,880.0
1169,3,2025-06-02 08:05:42,Cash,350.0,0.0,350.0
1170,2,2025-06-03 16:20:07,Cash,140.0,0.0,140.0
1171,3,2025-06-03 14:24:39,Cash,1950.0,0.0,1950.0
1172,4,2025-06-04 13:15:46,Bank Transfer,2350.0,0.0,2350.0
1173,2,2025-06-06 13:42:56,Cash,580.0,0.0,580.0
1174,2,2025-06-08 08:01:35,GCash,2450.0,0.0,2450.0
1175,4,2025-06-10 17:47:03,GCash,400.0,0.0,400.0
1176,4,2025-06-10 14:40:56,Bank Transfer,1400.0,0.0,1400.0
1177,4,2025-06-10 09:41:26,Cash,260.0,0.0,260.0
1178,3,2025-06-10 17:03:57,Bank Transfer,105.0,0.0,105.0
1179,4,2025-06-10 16:20:37,Credit Card,700.0,0.0,700.0
1180,2,2025-06-11 13:36:22,Cash,700.0,0.0,700.0
1181,2,2025-06-12 09:43:07,Bank Transfer,300.0,0.0,300.0
1182,3,2025-06-14 09:37:03,GCash,1050.0,0.0,1050.0
1183,2,2025-06-14 09:25:59,Cash,650.0,0.0,650.0
1184,3,2025-06-15 16:31:33,Cash,700.0,0.0,700.0
1185,3,2025-06-18 14:44:41,Cash,700.0,0.0,700.0
1186,2,2025-06-18 11:02:20,Bank Transfer,120.0,0.0,120.0
1187,2,2025-06-19 09:08:45,Cash,300.0,0.0,300.0
1188,2,2025-06-19 12:02:14,Bank Transfer,700.0,0.0,700.0
1189,4,2025-06-20 13:49:57,Cash,300.0,0.0,300.0
1190,2,2025-06-20 12:30:08,Bank Transfer,370.0,0.0,370.0
1191,3,2025-06-20 14:32:34,GCash,300.0,0.0,300.0
1192,3,2025-06-21 13:29:06,GCash,750.0,0.0,750.0
1193,2,2025-06-22 09:51:54,Cash,2100.0,0.0,2100.0
1194,4,2025-06-23 16:00:43,GCash,2050.0,0.0,2050.0
1195,4,2025-06-24 15:05:22,GCash,850.0,0.0,850.0
1196,2,2025-06-24 15:00:33,Cash,275.0,0.0,275.0
1197,2,2025-06-24 12:39:55,Credit Card,155.0,0.0,155.0
1198,3,2025-06-24 08:46:15,Credit Card,80.0,0.0,80.0
1199,3,2025-06-25 17:37:30,GCash,1950.0,0.0,1950.0
1200,3,2025-06-25 17:19:13,Bank Transfer,350.0,0.0,350.0
1201,4,2025-06-25 08:39:46,Cash,700.0,0.0,700.0
1202,4,2025-06-26 10:43:28,Cash,2350.0,0.0,2350.0
1203,4,2025-06-27 08:44:16,Cash,475.0,0.0,475.0
1204,2,2025-06-28 13:11:39,GCash,700.0,0.0,700.0
1205,2,2025-07-01 14:08:28,Bank Transfer,900.0,0.0,900.0
1206,2,2025-07-02 15:15:10,GCash,600.0,0.0,600.0
1207,4,2025-07-02 10:44:33,Cash,840.0,0.0,840.0
1208,2,2025-07-02 09:53:35,GCash,65.0,0.0,65.0
1209,3,2025-07-03 12:40:30,Bank Transfer,195.0,0.0,195.0
1210,2,2025-07-03 15:11:42,GCash,190.0,0.0,190.0
1211,2,2025-07-04 17:41:55,Cash,150.0,0.0,150.0
1212,2,2025-07-04 14:24:01,Cash,40.0,0.0,40.0
1213,4,2025-07-04 11:32:27,Cash,80.0,0.0,80.0
1214,2,2025-07-04 13:29:59,Cash,650.0,0.0,650.0
1215,4,2025-07-04 08:22:52,Cash,150.0,0.0,150.0
1216,2,2025-07-04 17:42:56,Cash,350.0,0.0,350.0
1217,2,2025-07-05 09:09:06,Cash,1170.0,0.0,1170.0
1218,2,2025-07-05 11:19:18,Cash,460.0,0.0,460.0
1219,3,2025-07-05 13:41:12,GCash,150.0,0.0,150.0
1220,3,2025-07-05 12:38:18,Cash,540.0,0.0,540.0
1221,3,2025-07-06 15:06:10,Cash,2100.0,0.0,2100.0
1222,3,2025-07-06 11:13:57,Bank Transfer,50.0,0.0,50.0
1223,3,2025-07-06 15:47:10,GCash,11000.0,0.0,11000.0
1224,3,2025-07-07 13:40:30,GCash,350.0,0.0,350.0
1225,2,2025-07-08 12:19:35,Cash,455.0,0.0,455.0
1226,2,2025-07-08 11:01:38,Cash,205.0,0.0,205.0
1227,3,2025-07-08 10:05:06,Cash,1100.0,0.0,1100.0
1228,2,2025-07-08 12:11:12,Cash,50.0,0.0,50.0
1229,3,2025-07-08 09:32:40,GCash,175.0,0.0,175.0
1230,2,2025-07-09 08:03:29,Cash,100.0,0.0,100.0
1231,3,2025-07-09 10:58:52,Bank Transfer,350.0,0.0,350.0
1232,2,2025-07-10 16:06:08,Cash,450.0,0.0,450.0
1233,3,2025-07-10 10:37:55,Cash,120.0,0.0,120.0
1234,3,2025-07-11 08:44:21,GCash,2550.0,0.0,2550.0
1235,3,2025-07-12 17:10:03,Cash,650.0,0.0,650.0
1236,4,2025-07-13 09:27:32,GCash,100.0,0.0,100.0
1237,3,2025-07-13 12:16:14,GCash,270.0,0.0,270.0
1238,4,2025-07-14 16:46:00,GCash,320.0,0.0,320.0
1239,2,2025-07-14 09:13:26,GCash,50.0,0.0,50.0
1240,2,2025-07-14 12:58:09,Cash,150.0,0.0,150.0
1241,3,2025-07-14 14:18:00,Cash,100.0,0.0,100.0
1242,2,2025-07-15 16:11:18,Bank Transfer,900.0,0.0,900.0
1243,4,2025-07-15 12:38:40,Bank Transfer,425.0,0.0,425.0
1244,2,2025-07-15 09:46:09,Cash,300.0,0.0,300.0
1245,4,2025-07-16 08:47:27,GCash,550.0,0.0,550.0
1246,3,2025-07-17 16:58:37,Cash,200.0,0.0,200.0
1247,4,2025-07-18 17:06:25,Bank Transfer,180.0,0.0,180.0
1248,3,2025-07-21 10:18:14,Bank Transfer,80.0,0.0,80.0
1249,4,2025-07-22 17:37:09,GCash,1750.0,0.0,1750.0
1250,4,2025-07-23 14:04:30,Cash,300.0,0.0,300.0
1251,2,2025-07-23 10:55:04,GCash,1200.0,0.0,1200.0
1252,2,2025-07-23 11:27:55,GCash,105.0,0.0,105.0
1253,2,2025-07-24 16:39:53,GCash,180.0,0.0,180.0
1254,2,2025-07-24 09:32:41,GCash,150.0,0.0,150.0
1255,4,2025-07-24 12:38:35,Bank Transfer,3500.0,0.0,3500.0
1256,4,2025-07-24 12:41:08,GCash,350.0,0.0,350.0
1257,4,2025-07-24 14:56:20,Cash,110.0,0.0,110.0
1258,3,2025-07-26 17:34:08,Cash,1500.0,0.0,1500.0
1259,2,2025-07-27 14:50:52,GCash,150.0,0.0,150.0
1260,3,2025-07-27 16:18:10,GCash,250.0,0.0,250.0
1261,4,2025-07-28 15:59:07,Credit Card,280.0,0.0,280.0
1262,4,2025-07-29 11:09:18,Cash,350.0,0.0,350.0
1263,3,2025-07-29 12:44:23,Cash,155.0,0.0,155.0
1264,2,2025-07-29 09:20:21,Bank Transfer,210.0,0.0,210.0
1265,2,2025-07-29 09:04:04,Cash,210.0,0.0,210.0
1266,2,2025-07-29 11:28:20,Cash,120.0,0.0,120.0
1267,2,2025-07-29 16:27:47,Cash,1400.0,0.0,1400.0
1268,3,2025-07-30 13:11:30,Credit Card,1000.0,0.0,1000.0
1269,3,2025-07-30 12:48:52,GCash,70.0,0.0,70.0
1270,3,2025-07-31 15:17:41,GCash,275.0,0.0,275.0
1271,2,2025-07-31 12:24:17,Cash,1680.0,0.0,1680.0
1272,4,2025-07-31 11:53:09,GCash,300.0,0.0,300.0
1273,2,2025-08-02 15:59:49,Cash,370.0,0.0,370.0
1274,4,2025-08-02 12:25:44,Cash,1800.0,0.0,1800.0
1275,2,2025-08-02 14:17:57,GCash,750.0,0.0,750.0
1276,3,2025-08-03 08:07:50,GCash,3000.0,0.0,3000.0
1277,4,2025-08-03 17:26:13,Cash,155.0,0.0,155.0
1278,4,2025-08-05 11:39:29,Credit Card,1850.0,0.0,1850.0
1279,4,2025-08-05 11:33:57,Cash,950.0,0.0,950.0
1280,4,2025-08-05 16:21:57,Cash,40.0,0.0,40.0
1281,2,2025-08-06 14:23:20,Cash,245.0,0.0,245.0
1282,2,2025-08-06 12:30:19,GCash,400.0,0.0,400.0
1283,3,2025-08-06 08:15:42,GCash,350.0,0.0,350.0
1284,3,2025-08-07 14:23:38,GCash,100.0,0.0,100.0
1285,3,2025-08-07 09:53:32,GCash,95.0,0.0,95.0
1286,2,2025-08-08 13:06:07,Cash,70.0,0.0,70.0
1287,2,2025-08-08 10:27:20,Cash,85.0,0.0,85.0
1288,3,2025-08-08 15:44:23,Cash,225.0,0.0,225.0
1289,3,2025-08-08 10:05:36,Cash,300.0,0.0,300.0
1290,2,2025-08-09 17:34:50,Cash,2000.0,0.0,2000.0
1291,2,2025-08-09 12:05:00,GCash,560.0,0.0,560.0
1292,2,2025-08-09 11:59:59,Cash,1000.0,0.0,1000.0
1293,3,2025-08-10 10:23:30,GCash,320.0,0.0,320.0
1294,4,2025-08-10 12:00:33,Credit Card,295.0,0.0,295.0
1295,3,2025-08-10 17:28:29,Cash,310.0,0.0,310.0
1296,4,2025-08-11 09:34:26,Cash,1950.0,0.0,1950.0
1297,2,2025-08-12 12:31:38,Cash,40.0,0.0,40.0
1298,4,2025-08-12 12:25:24,Cash,1850.0,0.0,1850.0
1299,4,2025-08-12 11:21:45,GCash,115.0,0.0,115.0
1300,2,2025-08-12 08:26:05,GCash,4750.0,0.0,4750.0
1301,2,2025-08-13 17:50:52,GCash,155.0,0.0,155.0
1302,3,2025-08-14 17:43:18,Credit Card,400.0,0.0,400.0
1303,4,2025-08-14 15:17:48,GCash,1400.0,0.0,1400.0
1304,2,2025-08-15 15:14:31,GCash,60.0,0.0,60.0
1305,2,2025-08-16 15:08:52,Bank Transfer,900.0,0.0,900.0
1306,3,2025-08-16 08:23:05,Bank Transfer,340.0,0.0,340.0
1307,2,2025-08-17 17:33:22,Cash,340.0,0.0,340.0
1308,4,2025-08-17 16:07:12,GCash,180.0,0.0,180.0
1309,3,2025-08-18 15:53:06,Cash,350.0,0.0,350.0
1310,4,2025-08-19 12:34:04,Cash,90.0,0.0,90.0
1311,2,2025-08-20 11:46:39,Cash,255.0,0.0,255.0
1312,4,2025-08-20 17:26:30,Cash,490.0,0.0,490.0
1313,3,2025-08-20 17:00:02,Cash,1900.0,0.0,1900.0
1314,2,2025-08-20 09:02:19,GCash,3500.0,0.0,3500.0
1315,3,2025-08-22 08:35:57,Cash,65.0,0.0,65.0
1316,4,2025-08-22 09:13:42,Cash,90.0,0.0,90.0
1317,2,2025-08-22 16:21:28,Cash,750.0,0.0,750.0
1318,2,2025-08-23 13:23:31,GCash,3400.0,0.0,3400.0
1319,4,2025-08-24 12:56:15,Cash,95.0,0.0,95.0
1320,3,2025-08-24 11:31:07,Credit Card,1500.0,0.0,1500.0
1321,4,2025-08-25 11:55:01,Cash,300.0,0.0,300.0
1322,2,2025-08-26 17:05:19,GCash,520.0,0.0,520.0
1323,4,2025-08-26 12:43:50,Cash,180.0,0.0,180.0
1324,3,2025-08-27 09:37:18,GCash,155.0,0.0,155.0
1325,4,2025-08-28 11:32:50,Bank Transfer,2400.0,0.0,2400.0
1326,3,2025-08-28 08:49:58,Cash,325.0,0.0,325.0
1327,2,2025-08-30 16:55:08,Cash,550.0,0.0,550.0
1328,3,2025-08-31 13:19:24,Credit Card,115.0,0.0,115.0
1329,3,2025-09-02 16:01:46,GCash,1700.0,0.0,1700.0
1330,3,2025-09-02 15:04:16,Cash,1000.0,0.0,1000.0
1331,2,2025-09-02 15:40:05,Cash,300.0,0.0,300.0
1332,4,2025-09-25 08:08:21,GCash,350.0,0.0,350.0
1333,2,2025-09-26 10:06:41,GCash,900.0,0.0,900.0
1334,3,2025-09-26 16:45:02,Cash,300.0,0.0,300.0
1335,4,2025-09-26 12:34:31,Cash,197.0,0.0,197.0
1336,3,2025-09-26 12:31:52,Cash,1600.0,0.0,1600.0
1337,2,2025-09-26 08:26:38,GCash,1950.0,0.0,1950.0
1338,2,2025-10-06 09:08:53,Bank Transfer,280.28,0.0,280.28
1339,4,2025-10-06 15:43:08,GCash,279.96,0.0,279.96
1340,2,2025-10-06 08:10:40,GCash,300.0,0.0,300.0
1341,2,2025-10-06 08:12:47,Cash,700.0,0.0,700.0
1342,4,2025-10-06 12:49:08,Bank Transfer,150.0,0.0,150.0
1343,2,2025-10-06 11:03:47,GCash,2300.0,0.0,2300.0
1344,4,2025-10-07 16:40:53,Bank Transfer,1250.0,0.0,1250.0
1345,2,2025-10-09 09:31:50,GCash,999.96,0.0,999.96
1346,3,2025-10-09 17:41:57,Bank Transfer,250.0,0.0,250.0
1347,3,2025-10-10 16:48:24,GCash,500.0,0.0,500.0
1348,4,2025-10-14 11:08:09,GCash,500.0,0.0,500.0
1349,3,2025-10-14 17:04:15,GCash,750.0,0.0,750.0
1350,4,2025-10-14 13:59:50,Cash,90.0,0.0,90.0
1351,4,2025-10-14 10:06:32,Cash,130.0,0.0,130.0
1352,2,2025-10-14 13:15:59,Bank Transfer,220.0,0.0,220.0
1353,4,2025-10-14 16:10:41,GCash,250.0,0.0,250.0
1354,2,2025-10-14 10:21:02,Cash,850.0,0.0,850.0
1355,4,2025-10-14 09:47:45,Cash,500.0,0.0,500.0
1356,4,2025-10-15 16:14:02,Bank Transfer,550.0,0.0,550.0
1357,3,2025-10-16 15:41:26,Cash,1600.0,0.0,1600.0
1358,2,2025-10-16 11:56:41,GCash,180.0,0.0,180.0
1359,3,2025-10-16 10:28:36,GCash,445.0,0.0,445.0
1360,4,2025-10-20 10:37:23,Cash,100.0,0.0,100.0
1361,2,2025-10-20 12:27:38,Bank Transfer,100.0,0.0,100.0
1362,3,2025-10-24 16:33:43,GCash,1400.0,0.0,1400.0
1363,4,2025-10-25 14:32:35,Credit Card,400.0,0.0,400.0
1364,4,2025-10-25 13:24:19,GCash,220.0,0.0,220.0
1365,3,2025-10-25 11:04:43,GCash,600.0,0.0,600.0
1366,4,2025-10-27 12:43:45,Cash,140.0,0.0,140.0
1367,3,2025-10-27 09:03:18,Bank Transfer,100.0,0.0,100.0
1368,2,2025-10-27 16:28:46,Cash,100.0,0.0,100.0
1369,3,2025-10-27 13:33:14,Cash,400.0,0.0,400.0
1370,4,2025-10-29 12:27:58,GCash,700.0,0.0,700.0
1371,2,2025-10-29 15:55:17,GCash,250.0,0.0,250.0
1372,2,2025-10-29 13:09:36,Bank Transfer,150.0,0.0,150.0
1373,2,2025-10-29 17:16:47,Bank Transfer,900.0,0.0,900.0
1374,2,2025-10-29 08:49:08,Bank Transfer,150.0,0.0,150.0
1375,3,2025-10-29 11:51:58,GCash,40.0,0.0,40.0
1376,2,2025-10-29 13:03:21,Cash,40.04,0.0,40.04
1377,4,2025-10-29 10:59:19,GCash,150.0,0.0,150.0
1378,3,2025-10-29 14:54:35,Cash,850.0,0.0,850.0
1379,3,2025-10-30 08:24:39,Cash,99.99,0.0,99.99
1380,3,2025-10-30 09:54:53,Credit Card,400.0,0.0,400.0
1381,4,2025-10-31 10:50:34,GCash,250.0,0.0,250.0
1382,2,2025-11-04 13:31:27,Bank Transfer,350.0,0.0,350.0
1383,2,2025-11-05 08:57:52,Cash,1200.0,0.0,1200.0
1384,4,2025-11-05 09:09:03,GCash,3000.0,0.0,3000.0
1385,3,2025-11-05 10:06:00,Cash,100.0,0.0,100.0
1386,2,2025-11-08 16:13:25,GCash,1800.0,0.0,1800.0
1387,2,2025-11-13 15:41:37,Bank Transfer,1200.0,0.0,1200.0
1388,4,2025-11-13 12:08:40,Cash,800.0,0.0,800.0
1389,2,2025-11-15 09:31:52,Cash,1200.0,0.0,1200.0
1390,2,2025-11-15 17:42:15,Cash,1950.0,0.0,1950.0
1391,4,2025-11-15 14:20:57,Cash,2496.0,0.0,2496.0
1392,2,2025-12-01 15:21:31,Cash,320.0,0.0,320.0
1393,2,2025-12-01 10:00:24,GCash,400.0,0.0,400.0
1394,2,2025-12-03 10:58:40,Credit Card,100.0,0.0,100.0
1395,3,2025-12-03 10:02:28,Cash,1350.0,0.0,1350.0
1396,3,2025-12-03 14:20:53,Cash,135.0,0.0,135.0
1397,3,2025-12-03 12:41:50,Cash,80.0,0.0,80.0
1398,3,2025-12-04 16:19:57,Cash,285.0,0.0,285.0
1399,3,2025-12-08 12:48:56,Cash,120.0,0.0,120.0
1400,3,2025-12-09 17:40:51,Cash,700.0,0.0,700.0
1401,3,2025-12-09 12:55:14,Bank Transfer,700.0,0.0,700.0
1402,4,2025-12-09 14:52:43,Cash,800.0,0.0,800.0
1403,3,2025-12-11 09:44:53,Cash,650.0,0.0,650.0
1404,3,2025-12-12 09:31:08,Cash,1900.0,0.0,1900.0
1405,2,2025-12-12 13:38:07,GCash,500.0,0.0,500.0
1406,3,2025-12-13 14:07:47,Cash,350.0,0.0,350.0
1407,3,2025-12-14 17:21:03,Cash,800.0,0.0,800.0
1408,3,2025-12-15 16:10:47,GCash,210.0,0.0,210.0
1409,3,2025-12-16 08:37:01,GCash,700.0,0.0,700.0
1410,4,2025-12-16 09:42:54,Cash,2050.0,0.0,2050.0
1411,2,2025-12-17 08:39:04,GCash,500.0,0.0,500.0
1412,3,2025-12-17 12:45:02,Cash,290.0,0.0,290.0
1413,2,2025-12-18 13:16:05,Cash,850.0,0.0,850.0
1414,4,2025-12-18 10:59:48,GCash,100.0,0.0,100.0
1415,2,2025-12-18 11:01:14,Cash,325.0,0.0,325.0
1416,4,2025-12-19 12:34:48,Cash,345.0,0.0,345.0
1417,3,2025-12-20 10:41:17,Cash,50.0,0.0,50.0
1418,3,2025-12-24 10:46:44,Cash,295.0,0.0,295.0
1419,4,2025-12-24 17:09:58,Cash,255.0,0.0,255.0
1420,3,2025-12-25 10:40:12,GCash,50.0,0.0,50.0
1421,2,2025-12-25 11:48:48,GCash,270.0,0.0,270.0
1422,2,2025-12-26 09:32:14,GCash,190.0,0.0,190.0
1423,3,2025-12-26 17:07:06,GCash,370.0,0.0,370.0
1424,4,2025-12-27 14:48:38,Cash,240.0,0.0,240.0
1425,4,2025-12-27 14:29:11,Cash,640.0,0.0,640.0
1426,4,2025-12-27 11:12:05,GCash,900.0,0.0,900.0
1427,4,2025-12-27 08:30:41,Cash,1100.0,0.0,1100.0
1428,4,2025-12-28 08:09:19,GCash,1000.0,0.0,1000.0
1429,3,2025-12-28 10:26:36,Cash,850.0,0.0,850.0
1430,2,2025-12-29 12:18:48,GCash,1950.0,0.0,1950.0
1431,4,2025-12-30 08:50:26,Cash,700.0,0.0,700.0
