so_id,supplier_id,user_id,priority,status,order_date,expected_delivery_date,actual_delivery_date,tracking_no
1,3,1,Normal,Received,2024-01-03,2024-01-08,2024-01-08,TRK-000001
2,3,1,Normal,Received,2024-05-25,2024-05-30,2024-05-30,TRK-000002
3,3,1,Low,Received,2024-10-15,2024-10-20,2024-10-20,TRK-000003
4,3,1,Normal,Received,2025-02-26,2025-03-03,2025-03-05,TRK-000004
5,3,1,Normal,Received,2025-07-12,2025-07-17,2025-07-17,TRK-000005
6,3,1,Normal,Received,2025-11-30,2025-12-05,2025-12-05,TRK-000006
7,1,1,Normal,Cancelled,2024-01-06,2024-01-13,,TRK-000007
8,1,1,Low,Received,2024-08-19,2024-08-26,2024-08-29,TRK-000008
9,1,1,High,Received,2025-03-31,2025-04-07,2025-04-07,TRK-000009
10,1,1,Normal,Received,2025-11-05,2025-11-12,2025-11-12,TRK-000010
11,6,1,High,Received,2024-01-02,2024-01-16,2024-01-16,TRK-000011
12,6,1,Low,Cancelled,2025-02-16,2025-03-02,,TRK-000012
13,2,1,High,Received,2024-01-10,2024-01-22,2024-01-22,TRK-000013
14,2,1,Low,Received,2024-10-24,2024-11-05,2024-11-09,TRK-000014
15,2,1,Normal,Received,2025-08-07,2025-08-19,2025-08-19,TRK-000015
16,4,1,Normal,Cancelled,2024-01-13,2024-01-17,,TRK-000016
17,4,1,Normal,Received,2024-02-29,2024-03-04,2024-03-09,TRK-000017
18,4,1,Normal,Received,2024-04-18,2024-04-22,2024-04-22,TRK-000018
19,4,1,Low,Received,2024-06-05,2024-06-09,2024-06-09,TRK-000019
20,4,1,High,Received,2024-07-24,2024-07-28,2024-07-28,TRK-000020
21,4,1,Normal,Received,2024-09-10,2024-09-14,2024-09-14,TRK-000021
22,4,1,High,Received,2024-10-30,2024-11-03,2024-11-06,TRK-000022
23,4,1,Low,Received,2024-12-17,2024-12-21,2024-12-21,TRK-000023
24,4,1,Low,Cancelled,2025-02-04,2025-02-08,,TRK-000024
25,4,1,Normal,Received,2025-03-21,2025-03-25,2025-03-25,TRK-000025
26,4,1,Low,Cancelled,2025-05-01,2025-05-05,,TRK-000026
27,4,1,Normal,Received,2025-06-19,2025-06-23,2025-06-23,TRK-000027
28,4,1,Low,Received,2025-08-08,2025-08-12,2025-08-14,TRK-000028
29,4,1,Normal,Received,2025-09-20,2025-09-24,2025-09-24,TRK-000029
30,4,1,Normal,Received,2025-11-07,2025-11-11,2025-11-11,TRK-000030
31,1,1,Low,Received,2024-01-01,2024-01-08,2024-01-08,TRK-000031
32,1,1,Normal,Received,2025-01-20,2025-01-27,2025-01-27,TRK-000032
33,4,1,Normal,Received,2024-01-03,2024-01-07,2024-01-07,TRK-000033
34,4,1,Low,Received,2024-02-23,2024-02-27,2024-02-27,TRK-000034
35,4,1,High,Received,2024-04-08,2024-04-12,2024-04-12,TRK-000035
36,4,1,High,Received,2024-05-29,2024-06-02,2024-06-05,TRK-000036
37,4,1,High,Received,2024-07-14,2024-07-18,2024-07-18,TRK-000037
38,4,1,Normal,Received,2024-09-01,2024-09-05,2024-09-05,TRK-000038
39,4,1,Normal,Received,2024-10-16,2024-10-20,2024-10-20,TRK-000039
40,4,1,Normal,Received,2024-12-01,2024-12-05,2024-12-05,TRK-000040
41,4,1,Normal,Received,2025-01-14,2025-01-18,2025-01-18,TRK-000041
42,4,1,Low,Received,2025-03-06,2025-03-10,2025-03-10,TRK-000042
43,4,1,High,Received,2025-04-24,2025-04-28,2025-04-28,TRK-000043
44,4,1,Low,Cancelled,2025-06-12,2025-06-16,,TRK-000044
45,4,1,Normal,Cancelled,2025-08-01,2025-08-05,,TRK-000045
46,4,1,High,Received,2025-09-17,2025-09-21,2025-09-21,TRK-000046
47,4,1,Low,Received,2025-11-01,2025-11-05,2025-11-05,TRK-000047
48,4,1,Normal,Received,2025-12-17,2025-12-21,2025-12-21,TRK-000048
49,1,1,Normal,Received,2024-01-03,2024-01-10,2024-01-10,TRK-000049
50,1,1,Normal,Received,2024-10-19,2024-10-26,2024-10-26,TRK-000050
51,1,1,Normal,Cancelled,2025-08-02,2025-08-09,,TRK-000051
52,2,1,Low,Received,2024-01-15,2024-01-27,2024-01-27,TRK-000052
53,2,1,Normal,Received,2024-10-05,2024-10-17,2024-10-17,TRK-000053
54,2,1,Normal,Received,2025-06-22,2025-07-04,2025-07-04,TRK-000054
55,6,1,High,Received,2024-01-12,2024-01-26,2024-01-26,TRK-000055
56,6,1,Low,Received,2025-05-21,2025-06-04,2025-06-04,TRK-000056
57,2,1,Normal,Received,2024-01-14,2024-01-26,2024-01-26,TRK-000057
58,2,1,High,Received,2024-07-13,2024-07-25,2024-07-25,TRK-000058
59,2,1,Low,Received,2025-01-10,2025-01-22,2025-01-22,TRK-000059
60,2,1,Normal,Received,2025-07-02,2025-07-14,2025-07-14,TRK-000060
61,1,1,Normal,Received,2024-01-07,2024-01-14,2024-01-14,TRK-000061
62,1,1,Normal,Received,2025-05-26,2025-06-02,2025-06-02,TRK-000062
63,1,1,Normal,Received,2024-01-13,2024-01-20,2024-01-20,TRK-000063
64,1,1,Normal,Received,2024-12-25,2025-01-01,2025-01-03,TRK-000064
65,1,1,High,Received,2025-12-10,2025-12-17,2025-12-17,TRK-000065
66,6,1,Normal,Received,2024-01-11,2024-01-25,2024-01-25,TRK-000066
67,6,1,Low,Received,2025-05-26,2025-06-09,2025-06-09,TRK-000067
68,1,1,High,Received,2024-01-02,2024-01-09,2024-01-09,TRK-000068
69,1,1,Normal,Cancelled,2025-05-16,2025-05-23,,TRK-000069
70,1,1,Normal,Cancelled,2024-01-06,2024-01-13,,TRK-000070
71,1,1,Low,Cancelled,2025-05-21,2025-05-28,,TRK-000071
72,1,1,Normal,Received,2024-01-14,2024-01-21,2024-01-24,TRK-000072
73,1,1,Normal,Received,2024-03-02,2024-03-09,2024-03-09,TRK-000073
74,1,1,High,Received,2024-04-10,2024-04-17,2024-04-17,TRK-000074
75,1,1,Normal,Received,2024-05-26,2024-06-02,2024-06-02,TRK-000075
76,1,1,Normal,Received,2024-07-03,2024-07-10,2024-07-10,TRK-000076
77,1,1,Normal,Received,2024-08-16,2024-08-23,2024-08-23,TRK-000077
78,1,1,Normal,Received,2024-09-23,2024-09-30,2024-09-30,TRK-000078
79,1,1,Normal,Received,2024-11-04,2024-11-11,2024-11-11,TRK-000079
80,1,1,Normal,Received,2024-12-21,2024-12-28,2024-12-28,TRK-000080
81,1,1,Normal,Received,2025-02-03,2025-02-10,2025-02-10,TRK-000081
82,1,1,Normal,Received,2025-03-22,2025-03-29,2025-03-29,TRK-000082
83,1,1,High,Received,2025-05-09,2025-05-16,2025-05-16,TRK-000083
84,1,1,Low,Received,2025-06-18,2025-06-25,2025-06-25,TRK-000084
85,1,1,High,Received,2025-07-29,2025-08-05,2025-08-06,TRK-000085
86,1,1,Low,Received,2025-09-05,2025-09-12,2025-09-12,TRK-000086
87,1,1,Normal,Cancelled,2025-10-14,2025-10-21,,TRK-000087
88,1,1,Low,Received,2025-11-26,2025-12-03,2025-12-03,TRK-000088
89,1,1,Normal,Received,2024-01-04,2024-01-11,2024-01-11,TRK-000089
90,1,1,High,Received,2024-03-30,2024-04-06,2024-04-06,TRK-000090
91,1,1,High,Cancelled,2024-06-27,2024-07-04,,TRK-000091
92,1,1,Normal,Received,2024-09-23,2024-09-30,2024-10-01,TRK-000092
93,1,1,Normal,Received,2024-12-16,2024-12-23,2024-12-23,TRK-000093
94,1,1,High,Received,2025-03-18,2025-03-25,2025-03-25,TRK-000094
95,1,1,Low,Received,2025-06-16,2025-06-23,2025-06-23,TRK-000095
96,1,1,Low,Received,2025-09-10,2025-09-17,2025-09-17,TRK-000096
97,1,1,Normal,Received,2025-12-09,2025-12-16,2025-12-16,TRK-000097
98,1,1,High,Received,2024-01-13,2024-01-20,2024-01-20,TRK-000098
99,1,1,Normal,Received,2024-02-23,2024-03-01,2024-03-01,TRK-000099
100,1,1,High,Received,2024-04-06,2024-04-13,2024-04-13,TRK-000100
101,1,1,Normal,Received,2024-05-23,2024-05-30,2024-05-30,TRK-000101
102,1,1,Normal,Cancelled,2024-07-05,2024-07-12,,TRK-000102
103,1,1,Normal,Received,2024-08-15,2024-08-22,2024-08-22,TRK-000103
104,1,1,High,Received,2024-09-30,2024-10-07,2024-10-07,TRK-000104
105,1,1,High,Cancelled,2024-11-16,2024-11-23,,TRK-000105
106,1,1,Low,Cancelled,2025-01-01,2025-01-08,,TRK-000106
107,1,1,Normal,Received,2025-02-17,2025-02-24,2025-02-26,TRK-000107
108,1,1,Low,Received,2025-03-28,2025-04-04,2025-04-04,TRK-000108
109,1,1,Normal,Received,2025-05-08,2025-05-15,2025-05-15,TRK-000109
110,1,1,Normal,Received,2025-06-25,2025-07-02,2025-07-02,TRK-000110
111,1,1,Normal,Received,2025-08-04,2025-08-11,2025-08-11,TRK-000111
112,1,1,Normal,Cancelled,2025-09-15,2025-09-22,,TRK-000112
113,1,1,High,Cancelled,2025-11-01,2025-11-08,,TRK-000113
114,1,1,Low,Cancelled,2025-12-18,2025-12-25,,TRK-000114
115,3,1,Low,Received,2024-01-03,2024-01-08,2024-01-08,TRK-000115
116,3,1,High,Received,2024-11-12,2024-11-17,2024-11-17,TRK-000116
117,3,1,Normal,Received,2025-09-23,2025-09-28,2025-09-28,TRK-000117
118,6,1,Normal,Received,2024-01-14,2024-01-28,2024-01-28,TRK-000118
119,6,1,High,Received,2024-11-09,2024-11-23,2024-11-27,TRK-000119
120,6,1,High,Received,2025-09-05,2025-09-19,2025-09-19,TRK-000120
121,1,1,Low,Received,2024-01-13,2024-01-20,2024-01-20,TRK-000121
122,1,1,Low,Received,2025-05-29,2025-06-05,2025-06-05,TRK-000122
123,3,1,High,Received,2024-01-08,2024-01-13,2024-01-13,TRK-000123
124,3,1,Low,Received,2024-04-22,2024-04-27,2024-04-27,TRK-000124
125,3,1,Normal,Cancelled,2024-07-31,2024-08-05,,TRK-000125
126,3,1,Low,Received,2024-11-12,2024-11-17,2024-11-17,TRK-000126
127,3,1,Normal,Received,2025-02-22,2025-02-27,2025-02-27,TRK-000127
128,3,1,High,Received,2025-06-10,2025-06-15,2025-06-15,TRK-000128
129,3,1,Low,Received,2025-09-16,2025-09-21,2025-09-21,TRK-000129
130,1,1,Normal,Received,2024-01-06,2024-01-13,2024-01-13,TRK-000130
131,1,1,Normal,Received,2025-05-18,2025-05-25,2025-05-25,TRK-000131
132,2,1,Low,Cancelled,2024-01-07,2024-01-19,,TRK-000132
133,2,1,High,Received,2025-05-19,2025-05-31,2025-05-31,TRK-000133
134,6,1,Low,Received,2024-01-14,2024-01-28,2024-01-29,TRK-000134
135,6,1,Normal,Cancelled,2025-05-31,2025-06-14,,TRK-000135
136,1,1,Low,Received,2024-01-05,2024-01-12,2024-01-12,TRK-000136
137,1,1,Normal,Cancelled,2025-05-17,2025-05-24,,TRK-000137
138,1,1,Normal,Cancelled,2024-01-02,2024-01-09,,TRK-000138
139,1,1,High,Received,2025-05-20,2025-05-27,2025-05-27,TRK-000139
140,6,1,Normal,Received,2024-01-12,2024-01-26,2024-01-26,TRK-000140
141,6,1,Low,Received,2025-05-23,2025-06-06,2025-06-06,TRK-000141
142,2,1,Normal,Received,2024-01-06,2024-01-18,2024-01-18,TRK-000142
143,2,1,Normal,Received,2025-04-11,2025-04-23,2025-04-23,TRK-000143
144,2,1,Low,Received,2024-01-12,2024-01-24,2024-01-24,TRK-000144
145,2,1,Normal,Received,2024-12-23,2025-01-04,2025-01-04,TRK-000145
146,2,1,Normal,Pending,2025-12-10,2025-12-22,,TRK-000146
147,5,1,Normal,Received,2024-01-12,2024-01-18,2024-01-18,TRK-000147
148,5,1,Normal,Received,2025-05-31,2025-06-06,2025-06-06,TRK-000148
149,4,1,High,Received,2024-01-08,2024-01-12,2024-01-12,TRK-000149
150,4,1,Normal,Received,2024-02-29,2024-03-04,2024-03-04,TRK-000150
151,4,1,Normal,Cancelled,2024-04-17,2024-04-21,,TRK-000151
152,4,1,High,Received,2024-05-30,2024-06-03,2024-06-03,TRK-000152
153,4,1,Normal,Received,2024-07-21,2024-07-25,2024-07-25,TRK-000153
154,4,1,Normal,Received,2024-09-03,2024-09-07,2024-09-07,TRK-000154
155,4,1,Normal,Received,2024-10-22,2024-10-26,2024-10-26,TRK-000155
156,4,1,Normal,Received,2024-12-09,2024-12-13,2024-12-13,TRK-000156
157,4,1,Normal,Received,2025-01-30,2025-02-03,2025-02-03,TRK-000157
158,4,1,High,Received,2025-03-16,2025-03-20,2025-03-20,TRK-000158
159,4,1,Low,Received,2025-05-08,2025-05-12,2025-05-12,TRK-000159
160,4,1,High,Received,2025-06-24,2025-06-28,2025-06-28,TRK-000160
161,4,1,Low,Received,2025-08-15,2025-08-19,2025-08-19,TRK-000161
162,4,1,Low,Received,2025-10-07,2025-10-11,2025-10-11,TRK-000162
163,4,1,Normal,Received,2025-11-26,2025-11-30,2025-11-30,TRK-000163
164,6,1,Normal,Received,2024-01-10,2024-01-24,2024-01-24,TRK-000164
165,6,1,High,Cancelled,2025-05-28,2025-06-11,,TRK-000165
166,1,1,Normal,Received,2024-01-08,2024-01-15,2024-01-15,TRK-000166
167,1,1,Normal,Received,2025-05-27,2025-06-03,2025-06-06,TRK-000167
168,1,1,Low,Received,2024-01-08,2024-01-15,2024-01-15,TRK-000168
169,1,1,Normal,Received,2025-05-26,2025-06-02,2025-06-02,TRK-000169
170,1,1,High,Received,2024-01-06,2024-01-13,2024-01-13,TRK-000170
171,1,1,Normal,Received,2024-07-30,2024-08-06,2024-08-06,TRK-000171
172,1,1,Normal,Received,2025-02-23,2025-03-02,2025-03-02,TRK-000172
173,1,1,Normal,Received,2025-09-11,2025-09-18,2025-09-19,TRK-000173
174,1,1,Normal,Received,2024-01-01,2024-01-08,2024-01-08,TRK-000174
175,1,1,High,Received,2025-05-20,2025-05-27,2025-05-27,TRK-000175
176,1,1,Low,Received,2024-01-01,2024-01-08,2024-01-08,TRK-000176
177,1,1,Normal,Received,2025-05-11,2025-05-18,2025-05-18,TRK-000177
178,1,1,Normal,Received,2024-01-09,2024-01-16,2024-01-16,TRK-000178
179,1,1,Normal,Received,2025-05-25,2025-06-01,2025-06-01,TRK-000179
180,6,1,Normal,Received,2024-01-05,2024-01-19,2024-01-22,TRK-000180
181,6,1,Normal,Received,2025-05-14,2025-05-28,2025-05-28,TRK-000181
182,2,1,High,Received,2024-01-05,2024-01-17,2024-01-21,TRK-000182
183,2,1,Normal,Cancelled,2025-05-23,2025-06-04,,TRK-000183
184,5,1,Low,Received,2024-01-12,2024-01-18,2024-01-18,TRK-000184
185,5,1,Low,Received,2025-05-30,2025-06-05,2025-06-05,TRK-000185
186,6,1,Low,Received,2024-01-01,2024-01-15,2024-01-17,TRK-000186
187,6,1,Normal,Received,2025-05-12,2025-05-26,2025-05-26,TRK-000187
188,6,1,Normal,Received,2024-01-04,2024-01-18,2024-01-18,TRK-000188
189,6,1,Normal,Received,2025-05-15,2025-05-29,2025-05-29,TRK-000189
190,2,1,Low,Received,2024-01-03,2024-01-15,2024-01-15,TRK-000190
191,2,1,Low,Received,2025-05-14,2025-05-26,2025-05-26,TRK-000191
192,6,1,Normal,Received,2024-01-12,2024-01-26,2024-01-26,TRK-000192
193,6,1,High,Received,2025-05-24,2025-06-07,2025-06-07,TRK-000193
194,2,1,Low,Received,2024-01-02,2024-01-14,2024-01-14,TRK-000194
195,2,1,Normal,Received,2025-05-11,2025-05-23,2025-05-23,TRK-000195
196,2,1,High,Received,2024-01-01,2024-01-13,2024-01-13,TRK-000196
197,2,1,High,Received,2025-05-12,2025-05-24,2025-05-24,TRK-000197
198,6,1,High,Received,2024-01-10,2024-01-24,2024-01-28,TRK-000198
199,6,1,Low,Received,2025-05-24,2025-06-07,2025-06-07,TRK-000199
200,1,1,Low,Received,2024-01-02,2024-01-09,2024-01-09,TRK-000200
201,1,1,Normal,Received,2025-05-21,2025-05-28,2025-05-28,TRK-000201
202,6,1,Low,Received,2024-01-15,2024-01-29,2024-02-02,TRK-000202
203,6,1,Low,Received,2025-05-26,2025-06-09,2025-06-09,TRK-000203
204,1,1,Low,Received,2024-01-08,2024-01-15,2024-01-15,TRK-000204
205,1,1,High,Received,2025-05-22,2025-05-29,2025-06-02,TRK-000205
206,2,1,Normal,Received,2024-01-03,2024-01-15,2024-01-17,TRK-000206
207,2,1,Normal,Received,2024-10-29,2024-11-10,2024-11-10,TRK-000207
208,2,1,High,Received,2025-08-25,2025-09-06,2025-09-10,TRK-000208
209,1,1,Normal,Received,2024-01-12,2024-01-19,2024-01-19,TRK-000209
210,1,1,Low,Cancelled,2025-05-23,2025-05-30,,TRK-000210
211,6,1,Normal,Cancelled,2024-01-10,2024-01-24,,TRK-000211
212,6,1,Normal,Received,2025-05-19,2025-06-02,2025-06-02,TRK-000212
213,2,1,Normal,Received,2024-01-07,2024-01-19,2024-01-20,TRK-000213
214,2,1,Normal,Cancelled,2025-05-26,2025-06-07,,TRK-000214
215,5,1,Low,Received,2024-01-13,2024-01-19,2024-01-19,TRK-000215
216,5,1,Normal,Received,2024-09-18,2024-09-24,2024-09-24,TRK-000216
217,5,1,Low,Cancelled,2025-05-17,2025-05-23,,TRK-000217
218,1,1,Low,Received,2024-01-01,2024-01-08,2024-01-09,TRK-000218
219,1,1,Normal,Received,2024-05-11,2024-05-18,2024-05-18,TRK-000219
220,1,1,Normal,Received,2024-09-23,2024-09-30,2024-09-30,TRK-000220
221,1,1,High,Received,2025-02-01,2025-02-08,2025-02-08,TRK-000221
222,1,1,Normal,Received,2025-06-17,2025-06-24,2025-06-24,TRK-000222
223,1,1,High,Cancelled,2025-10-31,2025-11-07,,TRK-000223
224,6,1,High,Cancelled,2024-01-12,2024-01-26,,TRK-000224
225,6,1,Normal,Received,2025-05-29,2025-06-12,2025-06-12,TRK-000225
226,2,1,High,Received,2024-01-14,2024-01-26,2024-01-26,TRK-000226
227,2,1,Normal,Received,2025-05-25,2025-06-06,2025-06-06,TRK-000227
228,1,1,Low,Received,2024-01-02,2024-01-09,2024-01-09,TRK-000228
229,1,1,Normal,Received,2024-03-17,2024-03-24,2024-03-24,TRK-000229
230,1,1,Normal,Received,2024-05-29,2024-06-05,2024-06-05,TRK-000230
231,1,1,Normal,Received,2024-08-10,2024-08-17,2024-08-17,TRK-000231
232,1,1,Low,Received,2024-10-25,2024-11-01,2024-11-01,TRK-000232
233,1,1,Normal,Received,2025-01-01,2025-01-08,2025-01-08,TRK-000233
234,1,1,Low,Received,2025-03-16,2025-03-23,2025-03-23,TRK-000234
235,1,1,Low,Cancelled,2025-05-31,2025-06-07,,TRK-000235
236,1,1,Normal,Cancelled,2025-08-08,2025-08-15,,TRK-000236
237,1,1,High,Received,2025-10-23,2025-10-30,2025-11-01,TRK-000237
238,1,1,Normal,Received,2024-01-11,2024-01-18,2024-01-20,TRK-000238
239,1,1,Normal,Received,2024-05-21,2024-05-28,2024-05-28,TRK-000239
240,1,1,Normal,Received,2024-09-30,2024-10-07,2024-10-07,TRK-000240
241,1,1,Normal,Received,2025-02-03,2025-02-10,2025-02-10,TRK-000241
242,1,1,Low,Received,2025-06-13,2025-06-20,2025-06-20,TRK-000242
243,1,1,Normal,Received,2025-10-24,2025-10-31,2025-10-31,TRK-000243
244,2,1,Normal,Received,2024-01-05,2024-01-17,2024-01-17,TRK-000244
245,2,1,High,Cancelled,2025-05-24,2025-06-05,,TRK-000245
246,6,1,Normal,Cancelled,2024-01-02,2024-01-16,,TRK-000246
247,6,1,Normal,Cancelled,2025-05-13,2025-05-27,,TRK-000247
248,6,1,Low,Received,2024-01-14,2024-01-28,2024-01-28,TRK-000248
249,6,1,Normal,Cancelled,2025-05-29,2025-06-12,,TRK-000249
250,1,1,Normal,Received,2024-01-07,2024-01-14,2024-01-14,TRK-000250
251,1,1,High,Received,2025-05-05,2025-05-12,2025-05-12,TRK-000251
252,2,1,High,Received,2024-01-08,2024-01-20,2024-01-20,TRK-000252
253,2,1,Low,Received,2025-05-24,2025-06-05,2025-06-05,TRK-000253
254,3,1,High,Received,2024-01-07,2024-01-12,2024-01-12,TRK-000254
255,3,1,Normal,Received,2025-01-24,2025-01-29,2025-02-02,TRK-000255
256,4,1,Low,Received,2024-01-06,2024-01-10,2024-01-14,TRK-000256
257,4,1,Normal,Cancelled,2025-05-22,2025-05-26,,TRK-000257
258,1,1,Low,Received,2024-01-03,2024-01-10,2024-01-10,TRK-000258
259,1,1,Normal,Cancelled,2025-05-14,2025-05-21,,TRK-000259
260,4,1,Low,Cancelled,2024-01-15,2024-01-19,,TRK-000260
261,4,1,Normal,Cancelled,2024-06-07,2024-06-11,,TRK-000261
262,4,1,Normal,Received,2024-10-30,2024-11-03,2024-11-03,TRK-000262
263,4,1,Normal,Received,2025-03-26,2025-03-30,2025-04-01,TRK-000263
264,4,1,Normal,Received,2025-08-17,2025-08-21,2025-08-21,TRK-000264
265,2,1,High,Received,2024-01-07,2024-01-19,2024-01-19,TRK-000265
266,2,1,Low,Received,2025-05-20,2025-06-01,2025-06-01,TRK-000266
267,4,1,High,Received,2024-01-04,2024-01-08,2024-01-08,TRK-000267
268,4,1,Normal,Received,2024-02-24,2024-02-28,2024-03-04,TRK-000268
269,4,1,Low,Cancelled,2024-04-16,2024-04-20,,TRK-000269
270,4,1,Normal,Received,2024-06-08,2024-06-12,2024-06-12,TRK-000270
271,4,1,Normal,Cancelled,2024-08-01,2024-08-05,,TRK-000271
272,4,1,Low,Received,2024-09-23,2024-09-27,2024-09-27,TRK-000272
273,4,1,Normal,Cancelled,2024-11-13,2024-11-17,,TRK-000273
274,4,1,Normal,Received,2024-12-29,2025-01-02,2025-01-02,TRK-000274
275,4,1,High,Received,2025-02-18,2025-02-22,2025-02-22,TRK-000275
276,4,1,Normal,Received,2025-04-03,2025-04-07,2025-04-07,TRK-000276
277,4,1,Normal,Received,2025-05-18,2025-05-22,2025-05-22,TRK-000277
278,4,1,Normal,Received,2025-07-05,2025-07-09,2025-07-11,TRK-000278
279,4,1,Low,Received,2025-08-23,2025-08-27,2025-08-27,TRK-000279
280,4,1,Normal,Received,2025-10-15,2025-10-19,2025-10-19,TRK-000280
281,4,1,High,Received,2025-11-29,2025-12-03,2025-12-03,TRK-000281
282,2,1,Normal,Received,2024-01-06,2024-01-18,2024-01-18,TRK-000282
283,2,1,Normal,Received,2025-05-24,2025-06-05,2025-06-05,TRK-000283
284,5,1,Low,Received,2024-01-04,2024-01-10,2024-01-10,TRK-000284
285,5,1,Normal,Received,2024-03-24,2024-03-30,2024-03-30,TRK-000285
286,5,1,Low,Received,2024-06-11,2024-06-17,2024-06-17,TRK-000286
287,5,1,Normal,Received,2024-09-02,2024-09-08,2024-09-11,TRK-000287
288,5,1,Low,Received,2024-11-23,2024-11-29,2024-11-29,TRK-000288
289,5,1,Normal,Cancelled,2025-02-11,2025-02-17,,TRK-000289
290,5,1,Normal,Received,2025-05-09,2025-05-15,2025-05-15,TRK-000290
291,5,1,Normal,Received,2025-08-05,2025-08-11,2025-08-11,TRK-000291
292,5,1,Normal,Received,2025-10-31,2025-11-06,2025-11-06,TRK-000292
293,3,1,Normal,Received,2024-01-03,2024-01-08,2024-01-08,TRK-000293
294,3,1,Low,Received,2025-05-19,2025-05-24,2025-05-24,TRK-000294
295,2,1,Normal,Received,2024-01-11,2024-01-23,2024-01-24,TRK-000295
296,2,1,Normal,Received,2025-01-30,2025-02-11,2025-02-11,TRK-000296
297,2,1,Normal,Cancelled,2024-01-13,2024-01-25,,TRK-000297
298,2,1,Normal,Received,2025-05-31,2025-06-12,2025-06-13,TRK-000298
299,1,1,High,Received,2024-01-07,2024-01-14,2024-01-14,TRK-000299
300,1,1,Normal,Received,2025-05-18,2025-05-25,2025-05-25,TRK-000300
301,1,1,High,Received,2024-01-14,2024-01-21,2024-01-21,TRK-000301
302,1,1,Normal,Received,2025-05-31,2025-06-07,2025-06-07,TRK-000302
303,5,1,High,Received,2024-01-09,2024-01-15,2024-01-15,TRK-000303
304,5,1,Low,Received,2025-05-19,2025-05-25,2025-05-25,TRK-000304
305,2,1,High,Received,2024-01-07,2024-01-19,2024-01-19,TRK-000305
306,2,1,Normal,Received,2025-04-06,2025-04-18,2025-04-18,TRK-000306
307,1,1,High,Received,2024-01-10,2024-01-17,2024-01-17,TRK-000307
308,1,1,Low,Received,2024-10-20,2024-10-27,2024-10-27,TRK-000308
309,1,1,Normal,Received,2025-07-31,2025-08-07,2025-08-07,TRK-000309
310,2,1,High,Received,2024-01-15,2024-01-27,2024-01-27,TRK-000310
311,2,1,High,Received,2025-02-05,2025-02-17,2025-02-17,TRK-000311
312,1,1,Low,Received,2024-01-07,2024-01-14,2024-01-14,TRK-000312
313,1,1,Normal,Received,2024-08-04,2024-08-11,2024-08-11,TRK-000313
314,1,1,High,Received,2025-02-26,2025-03-05,2025-03-05,TRK-000314
315,1,1,Normal,Received,2025-09-23,2025-09-30,2025-09-30,TRK-000315
316,5,1,High,Received,2024-01-06,2024-01-12,2024-01-13,TRK-000316
317,5,1,Normal,Received,2025-05-18,2025-05-24,2025-05-24,TRK-000317
318,2,1,Low,Received,2024-01-06,2024-01-18,2024-01-18,TRK-000318
319,2,1,Low,Cancelled,2025-05-23,2025-06-04,,TRK-000319
320,3,1,High,Received,2024-01-10,2024-01-15,2024-01-15,TRK-000320
321,3,1,Normal,Received,2025-05-26,2025-05-31,2025-05-31,TRK-000321
322,1,1,Normal,Received,2024-01-02,2024-01-09,2024-01-09,TRK-000322
323,1,1,Normal,Received,2025-05-12,2025-05-19,2025-05-19,TRK-000323
324,2,1,Low,Received,2024-01-04,2024-01-16,2024-01-16,TRK-000324
325,2,1,Low,Received,2025-05-16,2025-05-28,2025-05-30,TRK-000325
326,3,1,Normal,Received,2024-01-06,2024-01-11,2024-01-11,TRK-000326
327,3,1,Low,Received,2025-05-18,2025-05-23,2025-05-23,TRK-000327
328,2,1,Low,Received,2024-01-05,2024-01-17,2024-01-17,TRK-000328
329,2,1,Low,Received,2025-05-17,2025-05-29,2025-05-29,TRK-000329
330,1,1,Normal,Received,2024-01-08,2024-01-15,2024-01-15,TRK-000330
331,1,1,Normal,Cancelled,2025-05-23,2025-05-30,,TRK-000331
332,1,1,Low,Received,2024-01-11,2024-01-18,2024-01-18,TRK-000332
333,1,1,High,Cancelled,2025-05-26,2025-06-02,,TRK-000333
334,1,1,Low,Cancelled,2024-01-01,2024-01-08,,TRK-000334
335,1,1,Low,Cancelled,2025-05-13,2025-05-20,,TRK-000335
336,3,1,Low,Received,2024-01-03,2024-01-08,2024-01-08,TRK-000336
337,3,1,Normal,Received,2025-05-15,2025-05-20,2025-05-24,TRK-000337
338,2,1,Normal,Received,2024-01-02,2024-01-14,2024-01-14,TRK-000338
339,2,1,High,Received,2025-05-13,2025-05-25,2025-05-25,TRK-000339
340,1,1,High,Received,2024-01-04,2024-01-11,2024-01-11,TRK-000340
341,1,1,Normal,Received,2025-05-23,2025-05-30,2025-05-30,TRK-000341
342,1,1,Normal,Received,2024-01-06,2024-01-13,2024-01-13,TRK-000342
343,1,1,Normal,Received,2025-05-25,2025-06-01,2025-06-01,TRK-000343
344,2,1,Normal,Received,2024-01-04,2024-01-16,2024-01-16,TRK-000344
345,2,1,Normal,Received,2025-05-17,2025-05-29,2025-05-29,TRK-000345
346,1,1,Normal,Cancelled,2024-01-06,2024-01-13,,TRK-000346
347,1,1,High,Received,2024-10-01,2024-10-08,2024-10-08,TRK-000347
348,1,1,Low,Received,2025-06-29,2025-07-06,2025-07-06,TRK-000348
349,2,1,High,Received,2024-01-02,2024-01-14,2024-01-14,TRK-000349
350,2,1,Low,Received,2025-05-12,2025-05-24,2025-05-24,TRK-000350
351,6,1,Normal,Received,2024-01-11,2024-01-25,2024-01-25,TRK-000351
352,6,1,High,Cancelled,2025-05-25,2025-06-08,,TRK-000352
353,6,1,Normal,Received,2024-01-04,2024-01-18,2024-01-18,TRK-000353
354,6,1,High,Received,2025-05-14,2025-05-28,2025-05-28,TRK-000354
355,5,1,Normal,Cancelled,2024-01-09,2024-01-15,,TRK-000355
356,5,1,Normal,Received,2025-05-25,2025-05-31,2025-05-31,TRK-000356
357,1,1,Low,Received,2024-01-13,2024-01-20,2024-01-20,TRK-000357
358,1,1,High,Cancelled,2025-05-23,2025-05-30,,TRK-000358
359,2,1,High,Cancelled,2024-01-07,2024-01-19,,TRK-000359
360,2,1,Normal,Received,2025-05-24,2025-06-05,2025-06-05,TRK-000360
361,1,1,Low,Received,2024-01-07,2024-01-14,2024-01-14,TRK-000361
362,1,1,Normal,Cancelled,2024-10-20,2024-10-27,,TRK-000362
363,1,1,Normal,Received,2025-08-07,2025-08-14,2025-08-14,TRK-000363
364,2,1,High,Received,2024-01-03,2024-01-15,2024-01-15,TRK-000364
365,2,1,Normal,Received,2025-05-18,2025-05-30,2025-05-30,TRK-000365
366,5,1,High,Received,2024-01-01,2024-01-07,2024-01-07,TRK-000366
367,5,1,Normal,Cancelled,2025-05-13,2025-05-19,,TRK-000367
368,2,1,Normal,Cancelled,2024-01-10,2024-01-22,,TRK-000368
369,2,1,High,Cancelled,2025-05-29,2025-06-10,,TRK-000369
370,5,1,Normal,Cancelled,2024-01-01,2024-01-07,,TRK-000370
371,5,1,Normal,Received,2025-05-17,2025-05-23,2025-05-26,TRK-000371
372,1,1,Normal,Received,2024-01-15,2024-01-22,2024-01-22,TRK-000372
373,1,1,High,Received,2025-05-28,2025-06-04,2025-06-04,TRK-000373
374,2,1,Low,Received,2024-01-02,2024-01-14,2024-01-14,TRK-000374
375,2,1,Low,Cancelled,2025-05-20,2025-06-01,,TRK-000375
376,5,1,Low,Received,2024-01-09,2024-01-15,2024-01-20,TRK-000376
377,5,1,Low,Received,2025-05-26,2025-06-01,2025-06-01,TRK-000377
378,1,1,Normal,Received,2024-01-09,2024-01-16,2024-01-16,TRK-000378
379,1,1,Normal,Received,2025-04-12,2025-04-19,2025-04-19,TRK-000379
380,6,1,Normal,Received,2024-01-03,2024-01-17,2024-01-17,TRK-000380
381,6,1,Normal,Received,2025-05-12,2025-05-26,2025-05-26,TRK-000381
382,1,1,Normal,Cancelled,2024-01-06,2024-01-13,,TRK-000382
383,1,1,Normal,Received,2025-05-21,2025-05-28,2025-05-28,TRK-000383
384,2,1,Normal,Received,2024-01-03,2024-01-15,2024-01-15,TRK-000384
385,2,1,Normal,Received,2025-05-12,2025-05-24,2025-05-24,TRK-000385
386,6,1,Normal,Received,2024-01-12,2024-01-26,2024-01-28,TRK-000386
387,6,1,Normal,Received,2025-05-29,2025-06-12,2025-06-12,TRK-000387
388,2,1,Normal,Received,2024-01-08,2024-01-20,2024-01-20,TRK-000388
389,2,1,High,Cancelled,2025-05-20,2025-06-01,,TRK-000389
390,1,1,Normal,Received,2024-01-09,2024-01-16,2024-01-16,TRK-000390
391,1,1,Normal,Received,2025-05-21,2025-05-28,2025-05-28,TRK-000391
392,5,1,Low,Received,2024-01-02,2024-01-08,2024-01-08,TRK-000392
393,5,1,Normal,Received,2025-05-17,2025-05-23,2025-05-23,TRK-000393
394,1,1,Normal,Cancelled,2024-01-14,2024-01-21,,TRK-000394
395,1,1,High,Received,2025-05-24,2025-05-31,2025-05-31,TRK-000395
396,1,1,High,Received,2024-01-10,2024-01-17,2024-01-17,TRK-000396
397,1,1,Normal,Cancelled,2025-05-26,2025-06-02,,TRK-000397
398,2,1,Normal,Received,2024-01-11,2024-01-23,2024-01-23,TRK-000398
399,2,1,Normal,Received,2025-05-26,2025-06-07,2025-06-07,TRK-000399
400,1,1,High,Received,2024-01-14,2024-01-21,2024-01-21,TRK-000400
401,1,1,High,Received,2025-05-27,2025-06-03,2025-06-03,TRK-000401
402,5,1,High,Received,2024-01-15,2024-01-21,2024-01-21,TRK-000402
403,5,1,Normal,Received,2025-05-26,2025-06-01,2025-06-01,TRK-000403
404,1,1,High,Received,2024-01-13,2024-01-20,2024-01-20,TRK-000404
405,1,1,Low,Received,2024-09-28,2024-10-05,2024-10-06,TRK-000405
406,1,1,Normal,Received,2025-06-19,2025-06-26,2025-06-26,TRK-000406
407,1,1,High,Received,2024-01-12,2024-01-19,2024-01-24,TRK-000407
408,1,1,Normal,Received,2025-05-31,2025-06-07,2025-06-07,TRK-000408
409,1,1,Normal,Received,2024-01-11,2024-01-18,2024-01-18,TRK-000409
410,1,1,Normal,Received,2025-05-20,2025-05-27,2025-05-27,TRK-000410
411,3,1,Normal,Received,2024-01-11,2024-01-16,2024-01-16,TRK-000411
412,3,1,Normal,Received,2025-05-27,2025-06-01,2025-06-01,TRK-000412
413,5,1,Normal,Received,2024-01-15,2024-01-21,2024-01-23,TRK-000413
414,5,1,Normal,Cancelled,2025-06-03,2025-06-09,,TRK-000414
415,1,1,Normal,Received,2024-01-03,2024-01-10,2024-01-10,TRK-000415
416,1,1,Normal,Cancelled,2025-05-19,2025-05-26,,TRK-000416
417,1,1,Low,Received,2024-01-06,2024-01-13,2024-01-13,TRK-000417
418,1,1,Low,Cancelled,2025-05-20,2025-05-27,,TRK-000418
419,2,1,Normal,Cancelled,2024-01-14,2024-01-26,,TRK-000419
420,2,1,Low,Received,2025-06-02,2025-06-14,2025-06-14,TRK-000420
421,2,1,High,Cancelled,2024-01-08,2024-01-20,,TRK-000421
422,2,1,High,Cancelled,2025-05-22,2025-06-03,,TRK-000422
423,2,1,Normal,Received,2024-01-04,2024-01-16,2024-01-16,TRK-000423
424,2,1,High,Received,2025-05-16,2025-05-28,2025-05-28,TRK-000424
425,5,1,Low,Received,2024-01-03,2024-01-09,2024-01-09,TRK-000425
426,5,1,High,Cancelled,2024-07-19,2024-07-25,,TRK-000426
427,5,1,Normal,Cancelled,2025-02-05,2025-02-11,,TRK-000427
428,5,1,Low,Received,2025-08-22,2025-08-28,2025-08-28,TRK-000428
429,5,1,High,Received,2024-01-08,2024-01-14,2024-01-14,TRK-000429
430,5,1,Normal,Received,2024-04-18,2024-04-24,2024-04-24,TRK-000430
431,5,1,Normal,Cancelled,2024-08-05,2024-08-11,,TRK-000431
432,5,1,Low,Received,2024-11-22,2024-11-28,2024-11-28,TRK-000432
433,5,1,Normal,Received,2025-03-03,2025-03-09,2025-03-09,TRK-000433
434,5,1,Normal,Received,2025-06-17,2025-06-23,2025-06-23,TRK-000434
435,5,1,Normal,Received,2025-09-26,2025-10-02,2025-10-02,TRK-000435
436,2,1,Normal,Received,2024-01-01,2024-01-13,2024-01-13,TRK-000436
437,2,1,Normal,Cancelled,2025-05-13,2025-05-25,,TRK-000437
438,2,1,High,Received,2024-01-03,2024-01-15,2024-01-15,TRK-000438
439,2,1,High,Received,2025-05-20,2025-06-01,2025-06-01,TRK-000439
440,1,1,Low,Received,2024-01-11,2024-01-18,2024-01-22,TRK-000440
441,1,1,High,Received,2024-09-30,2024-10-07,2024-10-07,TRK-000441
442,1,1,Low,Received,2025-06-23,2025-06-30,2025-06-30,TRK-000442
443,4,1,High,Received,2024-01-06,2024-01-10,2024-01-10,TRK-000443
444,4,1,High,Received,2025-05-25,2025-05-29,2025-05-29,TRK-000444
445,1,1,High,Received,2024-01-11,2024-01-18,2024-01-18,TRK-000445
446,1,1,Normal,Received,2025-05-26,2025-06-02,2025-06-02,TRK-000446
447,3,1,Normal,Received,2024-01-13,2024-01-18,2024-01-18,TRK-000447
448,3,1,High,Cancelled,2025-05-23,2025-05-28,,TRK-000448
449,1,1,Normal,Received,2024-01-02,2024-01-09,2024-01-09,TRK-000449
450,1,1,Normal,Received,2025-05-12,2025-05-19,2025-05-19,TRK-000450
451,5,1,High,Received,2024-01-03,2024-01-09,2024-01-09,TRK-000451
452,5,1,Low,Received,2025-05-14,2025-05-20,2025-05-20,TRK-000452
453,1,1,Normal,Received,2024-01-07,2024-01-14,2024-01-16,TRK-000453
454,1,1,Low,Received,2025-05-26,2025-06-02,2025-06-02,TRK-000454
455,1,1,Low,Received,2024-01-13,2024-01-20,2024-01-20,TRK-000455
456,1,1,High,Received,2024-10-24,2024-10-31,2024-10-31,TRK-000456
457,1,1,Normal,Received,2025-07-29,2025-08-05,2025-08-05,TRK-000457
458,3,1,Normal,Received,2024-01-11,2024-01-16,2024-01-16,TRK-000458
459,3,1,High,Received,2025-05-20,2025-05-25,2025-05-25,TRK-000459
460,5,1,Normal,Received,2024-01-11,2024-01-17,2024-01-17,TRK-000460
461,5,1,Normal,Received,2025-05-24,2025-05-30,2025-05-30,TRK-000461
462,1,1,Low,Received,2024-01-02,2024-01-09,2024-01-09,TRK-000462
463,1,1,High,Received,2025-05-21,2025-05-28,2025-05-28,TRK-000463
464,2,1,High,Cancelled,2024-01-08,2024-01-20,,TRK-000464
465,2,1,Normal,Received,2025-05-24,2025-06-05,2025-06-05,TRK-000465
466,1,1,Normal,Cancelled,2024-01-11,2024-01-18,,TRK-000466
467,1,1,High,Cancelled,2025-05-22,2025-05-29,,TRK-000467
468,2,1,Low,Received,2024-01-12,2024-01-24,2024-01-25,TRK-000468
469,2,1,Normal,Received,2025-05-31,2025-06-12,2025-06-12,TRK-000469
470,2,1,High,Received,2024-01-01,2024-01-13,2024-01-13,TRK-000470
471,2,1,High,Received,2025-05-11,2025-05-23,2025-05-23,TRK-000471
472,3,1,Normal,Cancelled,2024-01-07,2024-01-12,,TRK-000472
473,3,1,High,Cancelled,2025-05-16,2025-05-21,,TRK-000473
474,1,1,Low,Received,2024-01-02,2024-01-09,2024-01-09,TRK-000474
475,1,1,Normal,Cancelled,2025-05-20,2025-05-27,,TRK-000475
476,2,1,Normal,Cancelled,2024-01-10,2024-01-22,,TRK-000476
477,2,1,Normal,Received,2025-05-20,2025-06-01,2025-06-01,TRK-000477
478,3,1,Normal,Received,2024-01-15,2024-01-20,2024-01-20,TRK-000478
479,3,1,Low,Received,2024-10-06,2024-10-11,2024-10-11,TRK-000479
480,3,1,Normal,Received,2025-06-27,2025-07-02,2025-07-02,TRK-000480
481,1,1,Low,Received,2024-01-02,2024-01-09,2024-01-09,TRK-000481
482,1,1,Normal,Received,2025-05-17,2025-05-24,2025-05-24,TRK-000482
483,1,1,Normal,Received,2024-01-15,2024-01-22,2024-01-22,TRK-000483
484,1,1,Normal,Received,2025-05-25,2025-06-01,2025-06-01,TRK-000484
485,3,1,Low,Cancelled,2024-01-13,2024-01-18,,TRK-000485
486,3,1,Normal,Received,2025-05-31,2025-06-05,2025-06-05,TRK-000486
487,1,1,Normal,Received,2024-01-07,2024-01-14,2024-01-14,TRK-000487
488,1,1,Normal,Received,2025-05-21,2025-05-28,2025-05-28,TRK-000488
489,2,1,Low,Cancelled,2024-01-10,2024-01-22,,TRK-000489
490,2,1,High,Cancelled,2025-05-21,2025-06-02,,TRK-000490
491,3,1,High,Received,2024-01-10,2024-01-15,2024-01-15,TRK-000491
492,3,1,Normal,Cancelled,2025-05-27,2025-06-01,,TRK-000492
493,5,1,Low,Received,2024-01-12,2024-01-18,2024-01-18,TRK-000493
494,5,1,Low,Cancelled,2024-08-13,2024-08-19,,TRK-000494
495,5,1,Normal,Cancelled,2025-03-11,2025-03-17,,TRK-000495
496,5,1,Low,Received,2025-10-17,2025-10-23,2025-10-23,TRK-000496
497,2,1,Normal,Received,2024-01-10,2024-01-22,2024-01-22,TRK-000497
498,2,1,Normal,Cancelled,2025-05-19,2025-05-31,,TRK-000498
499,1,1,Normal,Received,2024-01-14,2024-01-21,2024-01-21,TRK-000499
500,1,1,Normal,Received,2025-06-02,2025-06-09,2025-06-09,TRK-000500
501,4,1,Normal,Received,2024-01-05,2024-01-09,2024-01-09,TRK-000501
502,4,1,Low,Cancelled,2025-05-23,2025-05-27,,TRK-000502
503,1,1,Normal,Received,2024-01-13,2024-01-20,2024-01-20,TRK-000503
504,1,1,Low,Received,2025-05-30,2025-06-06,2025-06-06,TRK-000504
505,1,1,Low,Received,2024-01-03,2024-01-10,2024-01-10,TRK-000505
506,1,1,Normal,Received,2025-05-13,2025-05-20,2025-05-20,TRK-000506
507,2,1,Normal,Received,2024-01-01,2024-01-13,2024-01-13,TRK-000507
508,2,1,Low,Received,2025-05-20,2025-06-01,2025-06-01,TRK-000508
509,5,1,Low,Received,2024-01-02,2024-01-08,2024-01-08,TRK-000509
510,5,1,High,Received,2025-05-14,2025-05-20,2025-05-20,TRK-000510
511,1,1,High,Cancelled,2024-01-05,2024-01-12,,TRK-000511
512,1,1,High,Received,2025-05-19,2025-05-26,2025-05-26,TRK-000512
513,6,1,Normal,Received,2024-01-08,2024-01-22,2024-01-22,TRK-000513
514,6,1,Normal,Received,2025-05-20,2025-06-03,2025-06-03,TRK-000514
515,2,1,Normal,Received,2024-01-12,2024-01-24,2024-01-24,TRK-000515
516,2,1,Low,Received,2025-05-26,2025-06-07,2025-06-07,TRK-000516
517,1,1,High,Received,2024-01-03,2024-01-10,2024-01-10,TRK-000517
518,1,1,Low,Received,2025-05-21,2025-05-28,2025-05-28,TRK-000518
519,6,1,Low,Received,2024-01-09,2024-01-23,2024-01-23,TRK-000519
520,6,1,Normal,Received,2025-05-18,2025-06-01,2025-06-01,TRK-000520
521,2,1,Normal,Cancelled,2024-01-07,2024-01-19,,TRK-000521
522,2,1,Normal,Cancelled,2025-05-18,2025-05-30,,TRK-000522
523,1,1,High,Cancelled,2024-01-02,2024-01-09,,TRK-000523
524,1,1,High,Received,2025-05-11,2025-05-18,2025-05-18,TRK-000524
525,2,1,Low,Cancelled,2024-01-01,2024-01-13,,TRK-000525
526,2,1,High,Cancelled,2024-07-23,2024-08-04,,TRK-000526
527,2,1,High,Received,2025-02-10,2025-02-22,2025-02-22,TRK-000527
528,2,1,High,Received,2025-09-02,2025-09-14,2025-09-14,TRK-000528
529,3,1,High,Received,2024-01-15,2024-01-20,2024-01-20,TRK-000529
530,3,1,Normal,Received,2025-06-03,2025-06-08,2025-06-11,TRK-000530
531,3,1,Low,Cancelled,2024-01-13,2024-01-18,,TRK-000531
532,3,1,Normal,Received,2024-07-30,2024-08-04,2024-08-04,TRK-000532
533,3,1,Low,Received,2025-02-11,2025-02-16,2025-02-16,TRK-000533
534,3,1,High,Cancelled,2025-09-01,2025-09-06,,TRK-000534
535,1,1,Low,Received,2024-01-09,2024-01-16,2024-01-17,TRK-000535
536,1,1,Normal,Received,2025-05-19,2025-05-26,2025-05-26,TRK-000536
537,5,1,High,Received,2024-01-11,2024-01-17,2024-01-17,TRK-000537
538,5,1,High,Received,2024-10-19,2024-10-25,2024-10-25,TRK-000538
539,5,1,Normal,Cancelled,2025-07-28,2025-08-03,,TRK-000539
540,1,1,Normal,Cancelled,2024-01-06,2024-01-13,,TRK-000540
541,1,1,Normal,Received,2025-05-21,2025-05-28,2025-05-28,TRK-000541
542,1,1,Normal,Received,2024-01-13,2024-01-20,2024-01-20,TRK-000542
543,1,1,Normal,Received,2025-05-29,2025-06-05,2025-06-05,TRK-000543
544,1,1,Low,Received,2024-01-02,2024-01-09,2024-01-09,TRK-000544
545,1,1,Low,Received,2025-05-15,2025-05-22,2025-05-22,TRK-000545
546,3,1,Normal,Received,2024-01-05,2024-01-10,2024-01-10,TRK-000546
547,3,1,High,Received,2025-05-16,2025-05-21,2025-05-21,TRK-000547
548,1,1,Normal,Received,2024-01-08,2024-01-15,2024-01-15,TRK-000548
549,1,1,Low,Received,2025-05-27,2025-06-03,2025-06-03,TRK-000549
550,2,1,Normal,Cancelled,2024-01-13,2024-01-25,,TRK-000550
551,2,1,Normal,Received,2025-05-29,2025-06-10,2025-06-10,TRK-000551
552,2,1,High,Received,2024-01-11,2024-01-23,2024-01-23,TRK-000552
553,2,1,Normal,Received,2025-05-29,2025-06-10,2025-06-10,TRK-000553
554,1,1,Normal,Received,2024-01-08,2024-01-15,2024-01-15,TRK-000554
555,1,1,Low,Cancelled,2024-07-23,2024-07-30,,TRK-000555
556,1,1,Normal,Received,2025-02-12,2025-02-19,2025-02-20,TRK-000556
557,1,1,Normal,Received,2025-08-27,2025-09-03,2025-09-03,TRK-000557
558,2,1,Normal,Received,2024-01-03,2024-01-15,2024-01-15,TRK-000558
559,2,1,Low,Received,2025-05-14,2025-05-26,2025-05-26,TRK-000559
560,3,1,High,Received,2024-01-07,2024-01-12,2024-01-17,TRK-000560
561,3,1,High,Received,2025-05-19,2025-05-24,2025-05-24,TRK-000561
562,4,1,High,Received,2024-01-05,2024-01-09,2024-01-09,TRK-000562
563,4,1,Normal,Cancelled,2025-05-19,2025-05-23,,TRK-000563
564,1,1,Low,Received,2024-01-13,2024-01-20,2024-01-20,TRK-000564
565,1,1,High,Received,2025-05-29,2025-06-05,2025-06-05,TRK-000565
566,1,1,Low,Cancelled,2024-01-09,2024-01-16,,TRK-000566
567,1,1,Normal,Received,2025-05-24,2025-05-31,2025-05-31,TRK-000567
568,4,1,Normal,Received,2024-01-07,2024-01-11,2024-01-11,TRK-000568
569,4,1,High,Received,2024-03-14,2024-03-18,2024-03-18,TRK-000569
570,4,1,Normal,Cancelled,2024-05-28,2024-06-01,,TRK-000570
571,4,1,Normal,Received,2024-08-04,2024-08-08,2024-08-08,TRK-000571
572,4,1,Low,Received,2024-10-12,2024-10-16,2024-10-17,TRK-000572
573,4,1,High,Received,2024-12-22,2024-12-26,2024-12-26,TRK-000573
574,4,1,Low,Received,2025-02-25,2025-03-01,2025-03-01,TRK-000574
575,4,1,Low,Cancelled,2025-05-05,2025-05-09,,TRK-000575
576,4,1,Normal,Received,2025-07-16,2025-07-20,2025-07-20,TRK-000576
577,4,1,Normal,Received,2025-09-23,2025-09-27,2025-09-27,TRK-000577
578,4,1,High,Received,2025-12-03,2025-12-07,2025-12-07,TRK-000578
579,1,1,Normal,Cancelled,2024-01-06,2024-01-13,,TRK-000579
580,1,1,High,Received,2025-05-16,2025-05-23,2025-05-26,TRK-000580
581,1,1,Normal,Received,2024-01-13,2024-01-20,2024-01-20,TRK-000581
582,1,1,High,Received,2025-05-23,2025-05-30,2025-05-30,TRK-000582
583,3,1,Normal,Received,2024-01-08,2024-01-13,2024-01-13,TRK-000583
584,3,1,Normal,Cancelled,2025-05-20,2025-05-25,,TRK-000584
585,2,1,Normal,Received,2024-01-09,2024-01-21,2024-01-21,TRK-000585
586,2,1,Normal,Received,2025-05-24,2025-06-05,2025-06-05,TRK-000586
587,1,1,Normal,Received,2024-01-05,2024-01-12,2024-01-12,TRK-000587
588,1,1,Normal,Cancelled,2025-05-15,2025-05-22,,TRK-000588
589,1,1,Normal,Cancelled,2024-01-13,2024-01-20,,TRK-000589
590,1,1,Normal,Received,2025-05-30,2025-06-06,2025-06-06,TRK-000590
591,2,1,Normal,Received,2024-01-15,2024-01-27,2024-01-27,TRK-000591
592,2,1,High,Received,2025-06-03,2025-06-15,2025-06-19,TRK-000592
593,1,1,Low,Received,2024-01-10,2024-01-17,2024-01-17,TRK-000593
594,1,1,Normal,Cancelled,2025-05-26,2025-06-02,,TRK-000594
595,1,1,Low,Received,2024-01-15,2024-01-22,2024-01-25,TRK-000595
596,1,1,Normal,Cancelled,2025-05-28,2025-06-04,,TRK-000596
597,1,1,Low,Cancelled,2024-01-12,2024-01-19,,TRK-000597
598,1,1,Low,Received,2025-05-26,2025-06-02,2025-06-05,TRK-000598
599,1,1,Normal,Received,2024-01-12,2024-01-19,2024-01-20,TRK-000599
600,1,1,Low,Received,2025-05-26,2025-06-02,2025-06-02,TRK-000600
601,2,1,Normal,Received,2024-01-04,2024-01-16,2024-01-16,TRK-000601
602,2,1,Low,Cancelled,2025-05-20,2025-06-01,,TRK-000602
603,3,1,Normal,Received,2024-01-10,2024-01-15,2024-01-15,TRK-000603
604,3,1,High,Received,2025-05-28,2025-06-02,2025-06-02,TRK-000604
605,5,1,Normal,Received,2024-01-13,2024-01-19,2024-01-19,TRK-000605
606,5,1,Normal,Cancelled,2025-05-30,2025-06-05,,TRK-000606
607,5,1,Normal,Received,2024-01-05,2024-01-11,2024-01-11,TRK-000607
608,5,1,Low,Received,2025-05-23,2025-05-29,2025-05-29,TRK-000608
609,2,1,Normal,Received,2024-01-14,2024-01-26,2024-01-30,TRK-000609
610,2,1,Normal,Received,2025-06-01,2025-06-13,2025-06-13,TRK-000610
611,1,1,Normal,Received,2024-01-05,2024-01-12,2024-01-14,TRK-000611
612,1,1,Normal,Received,2025-05-20,2025-05-27,2025-05-27,TRK-000612
613,6,1,Normal,Cancelled,2024-01-09,2024-01-23,,TRK-000613
614,6,1,Normal,Received,2025-05-25,2025-06-08,2025-06-08,TRK-000614
615,2,1,Low,Received,2024-01-07,2024-01-19,2024-01-19,TRK-000615
616,2,1,Low,Received,2025-05-21,2025-06-02,2025-06-06,TRK-000616
617,1,1,Low,Received,2024-01-07,2024-01-14,2024-01-14,TRK-000617
618,1,1,High,Received,2025-05-23,2025-05-30,2025-05-30,TRK-000618
619,5,1,Low,Cancelled,2024-01-15,2024-01-21,,TRK-000619
620,5,1,Normal,Received,2025-05-26,2025-06-01,2025-06-01,TRK-000620
621,3,1,Normal,Cancelled,2024-01-08,2024-01-13,,TRK-000621
622,3,1,Low,Cancelled,2025-05-18,2025-05-23,,TRK-000622
623,3,1,Low,Received,2024-01-03,2024-01-08,2024-01-08,TRK-000623
624,3,1,Normal,Cancelled,2025-05-15,2025-05-20,,TRK-000624
625,2,1,Normal,Received,2024-01-13,2024-01-25,2024-01-25,TRK-000625
626,2,1,Normal,Cancelled,2025-05-24,2025-06-05,,TRK-000626
627,5,1,Normal,Received,2024-01-15,2024-01-21,2024-01-21,TRK-000627
628,5,1,Normal,Received,2025-05-25,2025-05-31,2025-05-31,TRK-000628
629,1,1,High,Cancelled,2024-01-08,2024-01-15,,TRK-000629
630,1,1,Normal,Received,2025-05-26,2025-06-02,2025-06-02,TRK-000630
631,1,1,Low,Received,2024-01-03,2024-01-10,2024-01-10,TRK-000631
632,1,1,High,Received,2025-05-19,2025-05-26,2025-05-26,TRK-000632
633,2,1,Low,Received,2024-01-15,2024-01-27,2024-01-27,TRK-000633
634,2,1,Normal,Received,2025-05-31,2025-06-12,2025-06-12,TRK-000634
635,5,1,High,Received,2024-01-10,2024-01-16,2024-01-16,TRK-000635
636,5,1,Normal,Received,2025-05-23,2025-05-29,2025-05-29,TRK-000636
637,2,1,Normal,Received,2024-01-08,2024-01-20,2024-01-24,TRK-000637
638,2,1,Low,Received,2025-05-26,2025-06-07,2025-06-07,TRK-000638
639,2,1,Low,Cancelled,2024-01-02,2024-01-14,,TRK-000639
640,2,1,Normal,Received,2025-05-16,2025-05-28,2025-05-28,TRK-000640
641,5,1,Normal,Received,2024-01-05,2024-01-11,2024-01-16,TRK-000641
642,5,1,Normal,Cancelled,2025-05-16,2025-05-22,,TRK-000642
643,2,1,Low,Received,2024-01-14,2024-01-26,2024-01-26,TRK-000643
644,2,1,Normal,Cancelled,2025-05-28,2025-06-09,,TRK-000644
645,4,1,Normal,Received,2024-01-15,2024-01-19,2024-01-19,TRK-000645
646,4,1,Normal,Received,2024-08-07,2024-08-11,2024-08-16,TRK-000646
647,4,1,Normal,Received,2025-02-25,2025-03-01,2025-03-01,TRK-000647
648,4,1,Normal,Received,2025-09-17,2025-09-21,2025-09-22,TRK-000648
649,5,1,High,Cancelled,2024-01-10,2024-01-16,,TRK-000649
650,5,1,Low,Received,2025-05-22,2025-05-28,2025-05-28,TRK-000650
651,2,1,Normal,Received,2024-01-09,2024-01-21,2024-01-21,TRK-000651
652,2,1,Low,Received,2025-05-27,2025-06-08,2025-06-08,TRK-000652
653,1,1,Normal,Received,2024-01-05,2024-01-12,2024-01-12,TRK-000653
654,1,1,High,Received,2025-05-17,2025-05-24,2025-05-24,TRK-000654
655,2,1,Normal,Received,2024-01-14,2024-01-26,2024-01-26,TRK-000655
656,2,1,Low,Cancelled,2025-05-23,2025-06-04,,TRK-000656
657,2,1,Normal,Received,2024-01-06,2024-01-18,2024-01-20,TRK-000657
658,2,1,High,Received,2025-05-17,2025-05-29,2025-05-29,TRK-000658
659,2,1,Low,Cancelled,2024-01-06,2024-01-18,,TRK-000659
660,2,1,Normal,Received,2025-05-15,2025-05-27,2025-06-01,TRK-000660
661,3,1,Normal,Received,2024-01-03,2024-01-08,2024-01-08,TRK-000661
662,3,1,High,Received,2024-02-21,2024-02-26,2024-02-26,TRK-000662
663,3,1,High,Received,2024-04-06,2024-04-11,2024-04-11,TRK-000663
664,3,1,Low,Received,2024-05-22,2024-05-27,2024-05-27,TRK-000664
665,3,1,High,Received,2024-07-14,2024-07-19,2024-07-19,TRK-000665
666,3,1,Normal,Received,2024-08-29,2024-09-03,2024-09-05,TRK-000666
667,3,1,Normal,Received,2024-10-20,2024-10-25,2024-10-25,TRK-000667
668,3,1,Normal,Received,2024-12-04,2024-12-09,2024-12-09,TRK-000668
669,3,1,High,Received,2025-01-21,2025-01-26,2025-01-26,TRK-000669
670,3,1,Normal,Received,2025-03-09,2025-03-14,2025-03-14,TRK-000670
671,3,1,Normal,Received,2025-04-29,2025-05-04,2025-05-04,TRK-000671
672,3,1,Normal,Received,2025-06-14,2025-06-19,2025-06-19,TRK-000672
673,3,1,High,Cancelled,2025-08-05,2025-08-10,,TRK-000673
674,3,1,Normal,Received,2025-09-24,2025-09-29,2025-09-29,TRK-000674
675,3,1,Normal,Received,2025-11-09,2025-11-14,2025-11-14,TRK-000675
676,2,1,High,Received,2024-01-15,2024-01-27,2024-01-27,TRK-000676
677,2,1,High,Received,2025-05-28,2025-06-09,2025-06-10,TRK-000677
678,4,1,Normal,Received,2024-01-11,2024-01-15,2024-01-15,TRK-000678
679,4,1,Normal,Received,2025-05-26,2025-05-30,2025-05-30,TRK-000679
680,1,1,Low,Received,2024-01-15,2024-01-22,2024-01-22,TRK-000680
681,1,1,High,Received,2025-06-03,2025-06-10,2025-06-10,TRK-000681
682,4,1,Normal,Received,2024-01-15,2024-01-19,2024-01-19,TRK-000682
683,4,1,Normal,Received,2025-05-30,2025-06-03,2025-06-03,TRK-000683
684,4,1,Normal,Received,2024-01-11,2024-01-15,2024-01-15,TRK-000684
685,4,1,Low,Cancelled,2025-05-21,2025-05-25,,TRK-000685
686,4,1,Normal,Received,2024-01-07,2024-01-11,2024-01-11,TRK-000686
687,4,1,High,Cancelled,2025-02-14,2025-02-18,,TRK-000687
688,1,1,Normal,Received,2024-01-15,2024-01-22,2024-01-22,TRK-000688
689,1,1,Low,Received,2025-05-30,2025-06-06,2025-06-06,TRK-000689
690,2,1,High,Received,2024-01-08,2024-01-20,2024-01-20,TRK-000690
691,2,1,High,Cancelled,2025-05-20,2025-06-01,,TRK-000691
692,4,1,High,Received,2024-01-06,2024-01-10,2024-01-10,TRK-000692
693,4,1,Low,Received,2025-05-19,2025-05-23,2025-05-23,TRK-000693
694,4,1,Low,Received,2024-01-15,2024-01-19,2024-01-19,TRK-000694
695,4,1,Normal,Received,2025-05-27,2025-05-31,2025-05-31,TRK-000695
696,1,1,High,Received,2024-01-12,2024-01-19,2024-01-20,TRK-000696
697,1,1,Normal,Received,2025-05-22,2025-05-29,2025-05-29,TRK-000697
698,5,1,Normal,Cancelled,2024-01-10,2024-01-16,,TRK-000698
699,5,1,High,Received,2025-05-23,2025-05-29,2025-05-29,TRK-000699
700,1,1,Normal,Received,2024-01-08,2024-01-15,2024-01-15,TRK-000700
701,1,1,Low,Received,2025-05-19,2025-05-26,2025-05-26,TRK-000701
702,2,1,Low,Received,2024-01-04,2024-01-16,2024-01-16,TRK-000702
703,2,1,High,Received,2025-05-20,2025-06-01,2025-06-01,TRK-000703
704,2,1,High,Received,2024-01-15,2024-01-27,2024-01-30,TRK-000704
705,2,1,Low,Received,2025-05-24,2025-06-05,2025-06-05,TRK-000705
706,4,1,Low,Received,2024-01-12,2024-01-16,2024-01-16,TRK-000706
707,4,1,Low,Received,2025-05-28,2025-06-01,2025-06-01,TRK-000707
708,2,1,Normal,Received,2024-01-05,2024-01-17,2024-01-17,TRK-000708
709,2,1,Normal,Received,2025-05-21,2025-06-02,2025-06-02,TRK-000709
710,2,1,Normal,Received,2024-01-15,2024-01-27,2024-01-27,TRK-000710
711,2,1,Normal,Received,2025-05-31,2025-06-12,2025-06-12,TRK-000711
712,2,1,Normal,Received,2024-01-10,2024-01-22,2024-01-22,TRK-000712
713,2,1,High,Received,2025-05-25,2025-06-06,2025-06-06,TRK-000713
714,2,1,Low,Received,2024-01-06,2024-01-18,2024-01-18,TRK-000714
715,2,1,Low,Received,2025-05-22,2025-06-03,2025-06-03,TRK-000715
716,4,1,High,Cancelled,2024-01-09,2024-01-13,,TRK-000716
717,4,1,Normal,Received,2025-01-06,2025-01-10,2025-01-10,TRK-000717
718,2,1,Normal,Received,2024-01-10,2024-01-22,2024-01-22,TRK-000718
719,2,1,Low,Received,2025-05-24,2025-06-05,2025-06-09,TRK-000719
720,1,1,Normal,Received,2024-01-08,2024-01-15,2024-01-15,TRK-000720
721,1,1,Low,Received,2025-05-23,2025-05-30,2025-05-30,TRK-000721
722,3,1,Low,Received,2024-01-12,2024-01-17,2024-01-17,TRK-000722
723,3,1,High,Received,2025-05-27,2025-06-01,2025-06-03,TRK-000723
724,1,1,Normal,Received,2024-01-11,2024-01-18,2024-01-18,TRK-000724
725,1,1,Normal,Received,2024-07-29,2024-08-05,2024-08-05,TRK-000725
726,1,1,Normal,Received,2025-02-17,2025-02-24,2025-02-26,TRK-000726
727,1,1,Normal,Received,2025-08-31,2025-09-07,2025-09-07,TRK-000727
728,1,1,Normal,Received,2024-01-09,2024-01-16,2024-01-16,TRK-000728
729,1,1,Normal,Received,2025-05-22,2025-05-29,2025-05-29,TRK-000729
730,5,1,High,Cancelled,2024-01-03,2024-01-09,,TRK-000730
731,5,1,Normal,Cancelled,2024-12-15,2024-12-21,,TRK-000731
732,5,1,Normal,Received,2025-11-23,2025-11-29,2025-11-29,TRK-000732
733,1,1,Normal,Received,2024-01-13,2024-01-20,2024-01-20,TRK-000733
734,1,1,Low,Received,2025-05-27,2025-06-03,2025-06-06,TRK-000734
735,4,1,Normal,Received,2024-01-10,2024-01-14,2024-01-14,TRK-000735
736,4,1,Normal,Received,2025-05-26,2025-05-30,2025-05-30,TRK-000736
737,1,1,High,Received,2024-01-02,2024-01-09,2024-01-09,TRK-000737
738,1,1,High,Received,2025-05-15,2025-05-22,2025-05-22,TRK-000738
739,2,1,Normal,Received,2024-01-05,2024-01-17,2024-01-17,TRK-000739
740,2,1,Low,Received,2025-05-18,2025-05-30,2025-05-30,TRK-000740
741,1,1,Normal,Cancelled,2024-01-04,2024-01-11,,TRK-000741
742,1,1,Normal,Received,2025-05-22,2025-05-29,2025-05-29,TRK-000742
743,1,1,Low,Received,2024-01-12,2024-01-19,2024-01-19,TRK-000743
744,1,1,Normal,Received,2025-05-27,2025-06-03,2025-06-03,TRK-000744
745,3,1,Normal,Cancelled,2024-01-12,2024-01-17,,TRK-000745
746,3,1,Normal,Received,2025-05-27,2025-06-01,2025-06-01,TRK-000746
747,1,1,Normal,Received,2024-01-05,2024-01-12,2024-01-12,TRK-000747
748,1,1,Low,Received,2025-05-23,2025-05-30,2025-05-30,TRK-000748
749,2,1,Normal,Received,2024-01-12,2024-01-24,2024-01-24,TRK-000749
750,2,1,High,Received,2025-05-26,2025-06-07,2025-06-07,TRK-000750
751,4,1,Normal,Received,2024-01-05,2024-01-09,2024-01-09,TRK-000751
752,4,1,Low,Received,2025-05-16,2025-05-20,2025-05-20,TRK-000752
753,3,1,High,Received,2024-01-07,2024-01-12,2024-01-12,TRK-000753
754,3,1,Low,Received,2025-05-22,2025-05-27,2025-05-27,TRK-000754
755,1,1,High,Received,2024-01-08,2024-01-15,2024-01-15,TRK-000755
756,1,1,High,Received,2025-05-19,2025-05-26,2025-05-26,TRK-000756
757,4,1,High,Received,2024-01-04,2024-01-08,2024-01-11,TRK-000757
758,4,1,High,Cancelled,2025-05-19,2025-05-23,,TRK-000758
759,6,1,Normal,Received,2024-01-07,2024-01-21,2024-01-21,TRK-000759
760,6,1,Normal,Received,2025-05-26,2025-06-09,2025-06-09,TRK-000760
761,1,1,Normal,Cancelled,2024-01-05,2024-01-12,,TRK-000761
762,1,1,Low,Cancelled,2025-05-22,2025-05-29,,TRK-000762
763,3,1,Normal,Received,2024-01-11,2024-01-16,2024-01-16,TRK-000763
764,3,1,High,Received,2025-05-21,2025-05-26,2025-05-26,TRK-000764
765,1,1,Normal,Received,2024-01-14,2024-01-21,2024-01-21,TRK-000765
766,1,1,Normal,Received,2025-06-01,2025-06-08,2025-06-08,TRK-000766
767,5,1,High,Received,2024-01-15,2024-01-21,2024-01-21,TRK-000767
768,5,1,Normal,Received,2025-05-27,2025-06-02,2025-06-02,TRK-000768
769,4,1,Low,Cancelled,2024-01-13,2024-01-17,,TRK-000769
770,4,1,Normal,Received,2025-05-28,2025-06-01,2025-06-01,TRK-000770
771,1,1,Normal,Received,2024-01-11,2024-01-18,2024-01-18,TRK-000771
772,1,1,Low,Received,2025-05-27,2025-06-03,2025-06-03,TRK-000772
773,4,1,Low,Cancelled,2024-01-14,2024-01-18,,TRK-000773
774,4,1,Normal,Received,2025-05-27,2025-05-31,2025-05-31,TRK-000774
775,4,1,Normal,Received,2024-01-15,2024-01-19,2024-01-19,TRK-000775
776,4,1,Low,Cancelled,2025-05-31,2025-06-04,,TRK-000776
777,1,1,Normal,Cancelled,2024-01-07,2024-01-14,,TRK-000777
778,1,1,Normal,Received,2025-05-26,2025-06-02,2025-06-02,TRK-000778
779,2,1,Normal,Cancelled,2024-01-05,2024-01-17,,TRK-000779
780,2,1,Low,Received,2025-05-20,2025-06-01,2025-06-01,TRK-000780
781,5,1,Normal,Received,2024-01-07,2024-01-13,2024-01-13,TRK-000781
782,5,1,Low,Received,2025-05-22,2025-05-28,2025-05-28,TRK-000782
783,2,1,Low,Received,2024-01-11,2024-01-23,2024-01-23,TRK-000783
784,2,1,High,Received,2025-05-22,2025-06-03,2025-06-03,TRK-000784
785,2,1,High,Received,2024-01-11,2024-01-23,2024-01-23,TRK-000785
786,2,1,Normal,Received,2025-05-26,2025-06-07,2025-06-07,TRK-000786
787,1,1,High,Received,2024-01-02,2024-01-09,2024-01-09,TRK-000787
788,1,1,Normal,Received,2025-05-14,2025-05-21,2025-05-21,TRK-000788
789,5,1,High,Received,2024-01-06,2024-01-12,2024-01-12,TRK-000789
790,5,1,Normal,Received,2025-05-15,2025-05-21,2025-05-21,TRK-000790
791,1,1,Normal,Received,2024-01-02,2024-01-09,2024-01-09,TRK-000791
792,1,1,Normal,Received,2025-05-14,2025-05-21,2025-05-21,TRK-000792
793,2,1,Normal,Received,2024-01-03,2024-01-15,2024-01-15,TRK-000793
794,2,1,Normal,Received,2025-05-17,2025-05-29,2025-05-29,TRK-000794
795,1,1,High,Received,2024-01-04,2024-01-11,2024-01-15,TRK-000795
796,1,1,Normal,Received,2025-05-17,2025-05-24,2025-05-24,TRK-000796
797,4,1,Normal,Received,2024-01-01,2024-01-05,2024-01-05,TRK-000797
798,4,1,Normal,Received,2025-05-17,2025-05-21,2025-05-21,TRK-000798
799,1,1,Normal,Received,2024-01-09,2024-01-16,2024-01-16,TRK-000799
800,1,1,Normal,Received,2025-05-23,2025-05-30,2025-05-30,TRK-000800
801,3,1,High,Received,2024-01-08,2024-01-13,2024-01-13,TRK-000801
802,3,1,Normal,Received,2025-05-17,2025-05-22,2025-05-22,TRK-000802
803,5,1,Normal,Received,2024-01-07,2024-01-13,2024-01-13,TRK-000803
804,5,1,Normal,Received,2025-05-21,2025-05-27,2025-05-27,TRK-000804
805,2,1,High,Received,2024-01-13,2024-01-25,2024-01-25,TRK-000805
806,2,1,Normal,Received,2025-05-24,2025-06-05,2025-06-05,TRK-000806
807,4,1,Low,Received,2024-01-11,2024-01-15,2024-01-15,TRK-000807
808,4,1,High,Received,2025-05-29,2025-06-02,2025-06-02,TRK-000808
809,4,1,Normal,Received,2024-01-04,2024-01-08,2024-01-09,TRK-000809
810,4,1,Normal,Received,2025-05-18,2025-05-22,2025-05-22,TRK-000810
811,2,1,High,Received,2024-01-09,2024-01-21,2024-01-21,TRK-000811
812,2,1,Low,Received,2025-05-26,2025-06-07,2025-06-07,TRK-000812
813,5,1,Normal,Received,2024-01-13,2024-01-19,2024-01-19,TRK-000813
814,5,1,Normal,Received,2025-05-29,2025-06-04,2025-06-04,TRK-000814
815,5,1,Low,Cancelled,2024-01-02,2024-01-08,,TRK-000815
816,5,1,High,Cancelled,2025-05-11,2025-05-17,,TRK-000816
817,2,1,Normal,Received,2024-01-02,2024-01-14,2024-01-14,TRK-000817
818,2,1,Normal,Received,2025-05-11,2025-05-23,2025-05-26,TRK-000818
819,1,1,Normal,Received,2024-01-13,2024-01-20,2024-01-20,TRK-000819
820,1,1,Normal,Received,2025-05-28,2025-06-04,2025-06-04,TRK-000820
821,2,1,Normal,Received,2024-01-13,2024-01-25,2024-01-25,TRK-000821
822,2,1,Low,Received,2025-05-26,2025-06-07,2025-06-07,TRK-000822
823,4,1,High,Cancelled,2024-01-14,2024-01-18,,TRK-000823
824,4,1,Normal,Received,2025-05-27,2025-05-31,2025-05-31,TRK-000824
825,1,1,Low,Received,2024-01-13,2024-01-20,2024-01-20,TRK-000825
826,1,1,Low,Received,2025-05-26,2025-06-02,2025-06-02,TRK-000826
827,4,1,High,Received,2024-01-10,2024-01-14,2024-01-14,TRK-000827
828,4,1,Low,Received,2025-05-24,2025-05-28,2025-06-02,TRK-000828
829,4,1,Normal,Received,2024-01-01,2024-01-05,2024-01-05,TRK-000829
830,4,1,Low,Received,2025-05-17,2025-05-21,2025-05-21,TRK-000830
831,1,1,Normal,Received,2024-01-01,2024-01-08,2024-01-08,TRK-000831
832,1,1,High,Received,2025-05-14,2025-05-21,2025-05-21,TRK-000832
833,4,1,High,Cancelled,2024-01-03,2024-01-07,,TRK-000833
834,4,1,Normal,Received,2025-05-20,2025-05-24,2025-05-24,TRK-000834
835,2,1,High,Received,2024-01-08,2024-01-20,2024-01-20,TRK-000835
836,2,1,Low,Received,2025-05-21,2025-06-02,2025-06-02,TRK-000836
837,4,1,Normal,Cancelled,2024-01-14,2024-01-18,,TRK-000837
838,4,1,High,Received,2025-05-25,2025-05-29,2025-05-29,TRK-000838
839,2,1,High,Cancelled,2024-01-12,2024-01-24,,TRK-000839
840,2,1,Normal,Received,2025-05-23,2025-06-04,2025-06-07,TRK-000840
841,1,1,Normal,Received,2024-01-14,2024-01-21,2024-01-21,TRK-000841
842,1,1,Normal,Cancelled,2025-06-01,2025-06-08,,TRK-000842
843,2,1,Normal,Cancelled,2024-01-08,2024-01-20,,TRK-000843
844,2,1,Normal,Received,2025-05-20,2025-06-01,2025-06-01,TRK-000844
845,4,1,Low,Received,2024-01-08,2024-01-12,2024-01-12,TRK-000845
846,4,1,High,Cancelled,2025-05-25,2025-05-29,,TRK-000846
847,3,1,Normal,Received,2024-01-14,2024-01-19,2024-01-19,TRK-000847
848,3,1,Normal,Received,2025-05-27,2025-06-01,2025-06-01,TRK-000848
849,4,1,Low,Received,2024-01-09,2024-01-13,2024-01-13,TRK-000849
850,4,1,High,Received,2025-05-21,2025-05-25,2025-05-25,TRK-000850
851,4,1,Normal,Cancelled,2024-01-08,2024-01-12,,TRK-000851
852,4,1,Low,Cancelled,2025-05-27,2025-05-31,,TRK-000852
853,1,1,Low,Received,2024-01-09,2024-01-16,2024-01-16,TRK-000853
854,1,1,Normal,Received,2025-05-25,2025-06-01,2025-06-01,TRK-000854
855,3,1,Low,Received,2024-01-01,2024-01-06,2024-01-09,TRK-000855
856,3,1,Normal,Received,2025-05-18,2025-05-23,2025-05-23,TRK-000856
857,4,1,Normal,Cancelled,2024-01-13,2024-01-17,,TRK-000857
858,4,1,Normal,Received,2025-05-31,2025-06-04,2025-06-05,TRK-000858
859,1,1,Normal,Received,2024-01-13,2024-01-20,2024-01-20,TRK-000859
860,1,1,Normal,Received,2025-05-30,2025-06-06,2025-06-06,TRK-000860
861,1,1,Normal,Cancelled,2024-01-09,2024-01-16,,TRK-000861
862,1,1,High,Received,2025-05-27,2025-06-03,2025-06-03,TRK-000862
863,3,1,High,Received,2024-01-04,2024-01-09,2024-01-09,TRK-000863
864,3,1,Low,Received,2025-05-14,2025-05-19,2025-05-19,TRK-000864
865,1,1,Normal,Received,2024-01-01,2024-01-08,2024-01-12,TRK-000865
866,1,1,Normal,Received,2025-05-17,2025-05-24,2025-05-24,TRK-000866
867,2,1,Normal,Received,2024-01-08,2024-01-20,2024-01-20,TRK-000867
868,2,1,Normal,Received,2025-05-23,2025-06-04,2025-06-04,TRK-000868
869,2,1,Normal,Received,2024-01-12,2024-01-24,2024-01-24,TRK-000869
870,2,1,Normal,Cancelled,2025-05-30,2025-06-11,,TRK-000870
871,2,1,Normal,Cancelled,2024-01-05,2024-01-17,,TRK-000871
872,2,1,Low,Received,2025-05-16,2025-05-28,2025-05-28,TRK-000872
873,4,1,High,Received,2024-01-05,2024-01-09,2024-01-09,TRK-000873
874,4,1,Low,Cancelled,2025-05-21,2025-05-25,,TRK-000874
875,2,1,High,Received,2024-01-15,2024-01-27,2024-01-27,TRK-000875
876,2,1,Low,Cancelled,2025-06-03,2025-06-15,,TRK-000876
877,4,1,Normal,Received,2024-01-06,2024-01-10,2024-01-10,TRK-000877
878,4,1,Normal,Received,2025-05-16,2025-05-20,2025-05-20,TRK-000878
879,4,1,Low,Received,2024-01-05,2024-01-09,2024-01-09,TRK-000879
880,4,1,Normal,Received,2025-05-16,2025-05-20,2025-05-20,TRK-000880
881,4,1,Normal,Cancelled,2024-01-12,2024-01-16,,TRK-000881
882,4,1,Normal,Received,2025-05-28,2025-06-01,2025-06-01,TRK-000882
883,3,1,Normal,Received,2024-01-06,2024-01-11,2024-01-11,TRK-000883
884,3,1,High,Received,2025-05-24,2025-05-29,2025-05-29,TRK-000884
885,3,1,Low,Received,2024-01-09,2024-01-14,2024-01-14,TRK-000885
886,3,1,Low,Received,2025-05-18,2025-05-23,2025-05-23,TRK-000886
887,2,1,Normal,Received,2024-01-15,2024-01-27,2024-01-30,TRK-000887
888,2,1,Normal,Cancelled,2025-05-29,2025-06-10,,TRK-000888
889,5,1,Normal,Received,2024-01-08,2024-01-14,2024-01-14,TRK-000889
890,5,1,Low,Received,2025-05-24,2025-05-30,2025-05-30,TRK-000890
891,2,1,Normal,Received,2024-01-14,2024-01-26,2024-01-26,TRK-000891
892,2,1,Low,Received,2025-05-29,2025-06-10,2025-06-10,TRK-000892
893,3,1,Normal,Received,2024-01-14,2024-01-19,2024-01-19,TRK-000893
894,3,1,High,Received,2025-05-25,2025-05-30,2025-06-01,TRK-000894
895,2,1,Normal,Received,2024-01-09,2024-01-21,2024-01-21,TRK-000895
896,2,1,Normal,Received,2025-05-18,2025-05-30,2025-05-30,TRK-000896
897,1,1,High,Cancelled,2024-01-05,2024-01-12,,TRK-000897
898,1,1,Normal,Received,2025-05-17,2025-05-24,2025-05-24,TRK-000898
899,5,1,Normal,Received,2024-01-14,2024-01-20,2024-01-20,TRK-000899
900,5,1,Low,Received,2025-05-23,2025-05-29,2025-05-29,TRK-000900
901,3,1,Normal,Received,2024-01-11,2024-01-16,2024-01-16,TRK-000901
902,3,1,Normal,Cancelled,2025-05-22,2025-05-27,,TRK-000902
903,2,1,Low,Received,2024-01-10,2024-01-22,2024-01-22,TRK-000903
904,2,1,Normal,Received,2025-05-22,2025-06-03,2025-06-03,TRK-000904
905,3,1,Low,Received,2024-01-11,2024-01-16,2024-01-21,TRK-000905
906,3,1,Low,Received,2025-05-25,2025-05-30,2025-05-30,TRK-000906
907,4,1,Low,Received,2024-01-11,2024-01-15,2024-01-16,TRK-000907
908,4,1,High,Received,2025-05-26,2025-05-30,2025-05-30,TRK-000908
909,1,1,Normal,Received,2024-01-01,2024-01-08,2024-01-08,TRK-000909
910,1,1,Low,Received,2025-05-14,2025-05-21,2025-05-21,TRK-000910
911,1,1,High,Received,2024-01-14,2024-01-21,2024-01-21,TRK-000911
912,1,1,Low,Received,2025-05-27,2025-06-03,2025-06-03,TRK-000912
913,5,1,Normal,Received,2024-01-08,2024-01-14,2024-01-16,TRK-000913
914,5,1,Low,Cancelled,2025-05-17,2025-05-23,,TRK-000914
915,4,1,Normal,Received,2024-01-07,2024-01-11,2024-01-11,TRK-000915
916,4,1,Low,Received,2025-05-19,2025-05-23,2025-05-23,TRK-000916
917,2,1,Normal,Received,2024-01-06,2024-01-18,2024-01-18,TRK-000917
918,2,1,Normal,Received,2025-05-21,2025-06-02,2025-06-02,TRK-000918
919,4,1,High,Received,2024-01-09,2024-01-13,2024-01-13,TRK-000919
920,4,1,Low,Received,2025-05-18,2025-05-22,2025-05-26,TRK-000920
921,1,1,High,Received,2024-01-10,2024-01-17,2024-01-17,TRK-000921
922,1,1,Normal,Received,2025-05-21,2025-05-28,2025-05-28,TRK-000922
923,2,1,Low,Received,2024-01-06,2024-01-18,2024-01-18,TRK-000923
924,2,1,High,Received,2025-05-23,2025-06-04,2025-06-04,TRK-000924
925,2,1,High,Received,2024-01-13,2024-01-25,2024-01-25,TRK-000925
926,2,1,High,Received,2025-06-01,2025-06-13,2025-06-13,TRK-000926
927,1,1,High,Received,2024-01-01,2024-01-08,2024-01-08,TRK-000927
928,1,1,Low,Received,2025-05-17,2025-05-24,2025-05-25,TRK-000928
929,3,1,High,Received,2024-01-12,2024-01-17,2024-01-17,TRK-000929
930,3,1,Low,Received,2025-05-28,2025-06-02,2025-06-02,TRK-000930
931,1,1,Low,Received,2024-01-02,2024-01-09,2024-01-09,TRK-000931
932,1,1,Normal,Received,2025-05-20,2025-05-27,2025-05-27,TRK-000932
933,1,1,Normal,Received,2024-01-09,2024-01-16,2024-01-16,TRK-000933
934,1,1,Low,Received,2025-05-21,2025-05-28,2025-05-28,TRK-000934
935,3,1,Low,Received,2024-01-09,2024-01-14,2024-01-15,TRK-000935
936,3,1,Low,Cancelled,2025-05-19,2025-05-24,,TRK-000936
937,4,1,High,Cancelled,2024-01-12,2024-01-16,,TRK-000937
938,4,1,Normal,Received,2025-05-31,2025-06-04,2025-06-04,TRK-000938
939,2,1,High,Received,2024-01-09,2024-01-21,2024-01-21,TRK-000939
940,2,1,Low,Cancelled,2025-05-22,2025-06-03,,TRK-000940
941,2,1,Normal,Received,2024-01-13,2024-01-25,2024-01-25,TRK-000941
942,2,1,Normal,Received,2025-05-28,2025-06-09,2025-06-09,TRK-000942
943,3,1,High,Received,2024-01-13,2024-01-18,2024-01-18,TRK-000943
944,3,1,High,Cancelled,2025-05-27,2025-06-01,,TRK-000944
945,2,1,Normal,Received,2024-01-12,2024-01-24,2024-01-25,TRK-000945
946,2,1,Normal,Received,2025-05-25,2025-06-06,2025-06-06,TRK-000946
947,1,1,High,Received,2024-01-06,2024-01-13,2024-01-13,TRK-000947
948,1,1,Normal,Received,2025-05-15,2025-05-22,2025-05-22,TRK-000948
949,2,1,Normal,Cancelled,2024-01-08,2024-01-20,,TRK-000949
950,2,1,Normal,Received,2025-05-17,2025-05-29,2025-05-29,TRK-000950
951,4,1,High,Cancelled,2024-01-15,2024-01-19,,TRK-000951
952,4,1,Normal,Received,2025-06-02,2025-06-06,2025-06-08,TRK-000952
953,5,1,Normal,Received,2024-01-02,2024-01-08,2024-01-08,TRK-000953
954,5,1,Normal,Received,2025-05-15,2025-05-21,2025-05-21,TRK-000954
955,2,1,Normal,Received,2024-01-09,2024-01-21,2024-01-21,TRK-000955
956,2,1,High,Received,2025-05-26,2025-06-07,2025-06-07,TRK-000956
957,4,1,High,Received,2024-01-07,2024-01-11,2024-01-16,TRK-000957
958,4,1,Normal,Cancelled,2025-05-26,2025-05-30,,TRK-000958
959,6,1,High,Received,2024-01-08,2024-01-22,2024-01-22,TRK-000959
960,6,1,Low,Received,2025-05-27,2025-06-10,2025-06-10,TRK-000960
961,1,1,Normal,Cancelled,2024-01-15,2024-01-22,,TRK-000961
962,1,1,High,Received,2025-05-29,2025-06-05,2025-06-05,TRK-000962
963,1,1,High,Received,2024-01-03,2024-01-10,2024-01-10,TRK-000963
964,1,1,Normal,Received,2025-05-19,2025-05-26,2025-05-26,TRK-000964
965,1,1,Normal,Cancelled,2024-01-03,2024-01-10,,TRK-000965
966,1,1,Low,Received,2025-05-20,2025-05-27,2025-05-27,TRK-000966
967,4,1,Normal,Received,2024-01-07,2024-01-11,2024-01-11,TRK-000967
968,4,1,Low,Received,2025-05-20,2025-05-24,2025-05-24,TRK-000968
969,1,1,Normal,Received,2024-01-03,2024-01-10,2024-01-10,TRK-000969
970,1,1,Low,Cancelled,2025-05-22,2025-05-29,,TRK-000970
971,4,1,High,Received,2024-01-02,2024-01-06,2024-01-06,TRK-000971
972,4,1,Normal,Received,2025-05-21,2025-05-25,2025-05-25,TRK-000972
973,3,1,Low,Received,2024-01-11,2024-01-16,2024-01-16,TRK-000973
974,3,1,Normal,Received,2025-05-26,2025-05-31,2025-05-31,TRK-000974
975,2,1,Low,Received,2024-01-13,2024-01-25,2024-01-25,TRK-000975
976,2,1,High,Received,2025-05-25,2025-06-06,2025-06-06,TRK-000976
977,2,1,High,Received,2024-01-03,2024-01-15,2024-01-15,TRK-000977
978,2,1,High,Received,2025-05-21,2025-06-02,2025-06-03,TRK-000978
979,4,1,Normal,Cancelled,2024-01-07,2024-01-11,,TRK-000979
980,4,1,Normal,Received,2025-05-20,2025-05-24,2025-05-24,TRK-000980
981,3,1,High,Received,2024-01-07,2024-01-12,2024-01-12,TRK-000981
982,3,1,Normal,Received,2025-05-17,2025-05-22,2025-05-22,TRK-000982
983,1,1,Low,Received,2024-01-09,2024-01-16,2024-01-16,TRK-000983
984,1,1,Normal,Received,2025-05-19,2025-05-26,2025-05-26,TRK-000984
985,2,1,High,Received,2024-01-11,2024-01-23,2024-01-23,TRK-000985
986,2,1,Normal,Received,2025-05-24,2025-06-05,2025-06-08,TRK-000986
987,4,1,Low,Received,2024-01-04,2024-01-08,2024-01-08,TRK-000987
988,4,1,High,Received,2025-05-13,2025-05-17,2025-05-17,TRK-000988
989,5,1,Normal,Received,2024-01-01,2024-01-07,2024-01-07,TRK-000989
990,5,1,Normal,Received,2025-05-18,2025-05-24,2025-05-24,TRK-000990
991,2,1,Normal,Received,2024-01-06,2024-01-18,2024-01-18,TRK-000991
992,2,1,High,Cancelled,2025-05-20,2025-06-01,,TRK-000992
993,4,1,Normal,Cancelled,2024-01-01,2024-01-05,,TRK-000993
994,4,1,Low,Received,2025-05-13,2025-05-17,2025-05-17,TRK-000994
995,5,1,High,Received,2024-01-11,2024-01-17,2024-01-20,TRK-000995
996,5,1,High,Received,2025-05-25,2025-05-31,2025-05-31,TRK-000996
997,4,1,High,Received,2024-01-10,2024-01-14,2024-01-14,TRK-000997
998,4,1,Normal,Cancelled,2025-05-22,2025-05-26,,TRK-000998
999,2,1,High,Received,2024-01-12,2024-01-24,2024-01-24,TRK-000999
1000,2,1,Normal,Received,2025-05-24,2025-06-05,2025-06-05,TRK-001000
1001,1,1,Normal,Received,2024-01-05,2024-01-12,2024-01-12,TRK-001001
1002,1,1,Normal,Cancelled,2025-05-19,2025-05-26,,TRK-001002
1003,3,1,Low,Received,2024-01-08,2024-01-13,2024-01-13,TRK-001003
1004,3,1,Normal,Received,2025-05-27,2025-06-01,2025-06-01,TRK-001004
1005,3,1,Normal,Cancelled,2024-01-06,2024-01-11,,TRK-001005
1006,3,1,Normal,Received,2025-05-15,2025-05-20,2025-05-20,TRK-001006
1007,2,1,Normal,Received,2024-01-01,2024-01-13,2024-01-13,TRK-001007
1008,2,1,Normal,Cancelled,2025-05-18,2025-05-30,,TRK-001008
1009,2,1,Low,Received,2024-01-10,2024-01-22,2024-01-22,TRK-001009
1010,2,1,Low,Received,2025-05-25,2025-06-06,2025-06-06,TRK-001010
1011,3,1,Normal,Received,2024-01-15,2024-01-20,2024-01-20,TRK-001011
1012,3,1,Normal,Cancelled,2025-06-02,2025-06-07,,TRK-001012
1013,2,1,High,Received,2024-01-02,2024-01-14,2024-01-14,TRK-001013
1014,2,1,Low,Received,2025-05-21,2025-06-02,2025-06-02,TRK-001014
1015,4,1,Normal,Received,2024-01-03,2024-01-07,2024-01-07,TRK-001015
1016,4,1,Low,Received,2025-05-12,2025-05-16,2025-05-16,TRK-001016
1017,4,1,High,Received,2024-01-08,2024-01-12,2024-01-12,TRK-001017
1018,4,1,Low,Received,2025-05-19,2025-05-23,2025-05-23,TRK-001018
1019,2,1,Normal,Received,2024-01-04,2024-01-16,2024-01-16,TRK-001019
1020,2,1,Normal,Cancelled,2025-05-14,2025-05-26,,TRK-001020
1021,5,1,High,Cancelled,2024-01-07,2024-01-13,,TRK-001021
1022,5,1,Low,Cancelled,2025-05-20,2025-05-26,,TRK-001022
1023,5,1,Low,Cancelled,2024-01-09,2024-01-15,,TRK-001023
1024,5,1,Low,Received,2025-05-23,2025-05-29,2025-05-29,TRK-001024
1025,3,1,High,Received,2024-01-12,2024-01-17,2024-01-17,TRK-001025
1026,3,1,Normal,Received,2025-05-29,2025-06-03,2025-06-03,TRK-001026
1027,1,1,Normal,Received,2024-01-07,2024-01-14,2024-01-14,TRK-001027
1028,1,1,High,Received,2025-05-18,2025-05-25,2025-05-25,TRK-001028
1029,3,1,Normal,Cancelled,2024-01-09,2024-01-14,,TRK-001029
1030,3,1,Normal,Received,2025-05-21,2025-05-26,2025-05-26,TRK-001030
1031,4,1,High,Received,2024-01-04,2024-01-08,2024-01-08,TRK-001031
1032,4,1,Normal,Received,2025-05-15,2025-05-19,2025-05-19,TRK-001032
1033,4,1,Normal,Received,2024-01-11,2024-01-15,2024-01-15,TRK-001033
1034,4,1,Normal,Received,2025-05-30,2025-06-03,2025-06-03,TRK-001034
1035,2,1,Normal,Cancelled,2024-01-05,2024-01-17,,TRK-001035
1036,2,1,Normal,Received,2025-05-17,2025-05-29,2025-05-29,TRK-001036
1037,1,1,High,Received,2024-01-15,2024-01-22,2024-01-22,TRK-001037
1038,1,1,Normal,Received,2024-07-31,2024-08-07,2024-08-07,TRK-001038
1039,1,1,High,Received,2025-02-14,2025-02-21,2025-02-21,TRK-001039
1040,1,1,Normal,Received,2025-08-30,2025-09-06,2025-09-06,TRK-001040
1041,4,1,Low,Received,2024-01-05,2024-01-09,2024-01-09,TRK-001041
1042,4,1,Normal,Received,2025-05-14,2025-05-18,2025-05-22,TRK-001042
1043,3,1,Normal,Received,2024-01-04,2024-01-09,2024-01-09,TRK-001043
1044,3,1,High,Cancelled,2025-05-17,2025-05-22,,TRK-001044
1045,1,1,Low,Received,2024-01-11,2024-01-18,2024-01-19,TRK-001045
1046,1,1,Low,Received,2025-05-27,2025-06-03,2025-06-03,TRK-001046
1047,3,1,High,Received,2024-01-08,2024-01-13,2024-01-13,TRK-001047
1048,3,1,Normal,Received,2025-05-24,2025-05-29,2025-05-31,TRK-001048
1049,3,1,Normal,Received,2024-01-11,2024-01-16,2024-01-16,TRK-001049
1050,3,1,High,Received,2025-05-24,2025-05-29,2025-05-29,TRK-001050
1051,4,1,Normal,Received,2024-01-13,2024-01-17,2024-01-19,TRK-001051
1052,4,1,High,Received,2025-05-27,2025-05-31,2025-06-04,TRK-001052
1053,2,1,Normal,Received,2024-01-08,2024-01-20,2024-01-20,TRK-001053
1054,2,1,Normal,Cancelled,2025-05-17,2025-05-29,,TRK-001054
1055,2,1,Normal,Received,2024-01-05,2024-01-17,2024-01-17,TRK-001055
1056,2,1,Normal,Received,2025-05-19,2025-05-31,2025-05-31,TRK-001056
1057,4,1,High,Received,2024-01-05,2024-01-09,2024-01-09,TRK-001057
1058,4,1,High,Received,2025-05-24,2025-05-28,2025-05-30,TRK-001058
1059,4,1,Normal,Received,2024-01-05,2024-01-09,2024-01-09,TRK-001059
1060,4,1,Normal,Cancelled,2025-05-16,2025-05-20,,TRK-001060
1061,2,1,High,Cancelled,2024-01-02,2024-01-14,,TRK-001061
1062,2,1,Normal,Cancelled,2025-05-13,2025-05-25,,TRK-001062
1063,4,1,Normal,Received,2024-01-10,2024-01-14,2024-01-14,TRK-001063
1064,4,1,High,Received,2025-05-28,2025-06-01,2025-06-01,TRK-001064
1065,2,1,Low,Received,2024-01-10,2024-01-22,2024-01-22,TRK-001065
1066,2,1,Normal,Received,2025-05-26,2025-06-07,2025-06-07,TRK-001066
1067,2,1,Normal,Cancelled,2024-01-08,2024-01-20,,TRK-001067
1068,2,1,Normal,Received,2025-05-27,2025-06-08,2025-06-08,TRK-001068
1069,2,1,Normal,Cancelled,2024-01-04,2024-01-16,,TRK-001069
1070,2,1,Normal,Received,2025-05-23,2025-06-04,2025-06-04,TRK-001070
1071,5,1,Low,Received,2024-01-12,2024-01-18,2024-01-18,TRK-001071
1072,5,1,Normal,Received,2024-08-02,2024-08-08,2024-08-08,TRK-001072
1073,5,1,Low,Received,2025-02-20,2025-02-26,2025-02-26,TRK-001073
1074,5,1,Low,Received,2025-09-05,2025-09-11,2025-09-11,TRK-001074
1075,2,1,Normal,Received,2024-01-13,2024-01-25,2024-01-25,TRK-001075
1076,2,1,Low,Received,2025-05-23,2025-06-04,2025-06-04,TRK-001076
1077,3,1,Normal,Cancelled,2024-01-13,2024-01-18,,TRK-001077
1078,3,1,High,Received,2025-05-29,2025-06-03,2025-06-03,TRK-001078
1079,5,1,Normal,Received,2024-01-04,2024-01-10,2024-01-10,TRK-001079
1080,5,1,High,Cancelled,2025-05-13,2025-05-19,,TRK-001080
1081,2,1,Normal,Received,2024-01-02,2024-01-14,2024-01-14,TRK-001081
1082,2,1,Normal,Cancelled,2025-05-11,2025-05-23,,TRK-001082
1083,6,1,Normal,Received,2024-01-05,2024-01-19,2024-01-19,TRK-001083
1084,6,1,Normal,Received,2025-05-19,2025-06-02,2025-06-02,TRK-001084
1085,5,1,Normal,Received,2024-01-03,2024-01-09,2024-01-09,TRK-001085
1086,5,1,High,Received,2025-05-20,2025-05-26,2025-05-26,TRK-001086
1087,3,1,Normal,Received,2024-01-03,2024-01-08,2024-01-08,TRK-001087
1088,3,1,High,Received,2025-05-15,2025-05-20,2025-05-20,TRK-001088
1089,5,1,Normal,Received,2024-01-13,2024-01-19,2024-01-19,TRK-001089
1090,5,1,Normal,Received,2025-05-30,2025-06-05,2025-06-09,TRK-001090
1091,3,1,Low,Received,2024-01-03,2024-01-08,2024-01-08,TRK-001091
1092,3,1,High,Received,2025-05-13,2025-05-18,2025-05-18,TRK-001092
1093,3,1,High,Received,2024-01-13,2024-01-18,2024-01-21,TRK-001093
1094,3,1,Low,Received,2025-05-30,2025-06-04,2025-06-04,TRK-001094
1095,3,1,Normal,Cancelled,2024-01-04,2024-01-09,,TRK-001095
1096,3,1,Low,Received,2024-07-27,2024-08-01,2024-08-01,TRK-001096
1097,3,1,High,Cancelled,2025-02-12,2025-02-17,,TRK-001097
1098,3,1,Normal,Received,2025-08-28,2025-09-02,2025-09-02,TRK-001098
1099,3,1,Low,Received,2024-01-06,2024-01-11,2024-01-11,TRK-001099
1100,3,1,High,Received,2025-05-22,2025-05-27,2025-05-27,TRK-001100
1101,4,1,Normal,Received,2024-01-03,2024-01-07,2024-01-07,TRK-001101
1102,4,1,Low,Received,2025-05-17,2025-05-21,2025-05-21,TRK-001102
1103,2,1,Normal,Received,2024-01-01,2024-01-13,2024-01-13,TRK-001103
1104,2,1,Low,Cancelled,2025-05-19,2025-05-31,,TRK-001104
1105,4,1,Normal,Cancelled,2024-01-10,2024-01-14,,TRK-001105
1106,4,1,Normal,Received,2025-05-25,2025-05-29,2025-05-29,TRK-001106
1107,3,1,Normal,Received,2024-01-11,2024-01-16,2024-01-16,TRK-001107
1108,3,1,Normal,Received,2025-05-29,2025-06-03,2025-06-03,TRK-001108
1109,3,1,Low,Received,2024-01-03,2024-01-08,2024-01-08,TRK-001109
1110,3,1,High,Received,2025-05-20,2025-05-25,2025-05-25,TRK-001110
1111,4,1,High,Received,2024-01-15,2024-01-19,2024-01-19,TRK-001111
1112,4,1,Low,Received,2025-05-25,2025-05-29,2025-05-29,TRK-001112
1113,4,1,Normal,Cancelled,2024-01-10,2024-01-14,,TRK-001113
1114,4,1,Normal,Received,2025-05-23,2025-05-27,2025-05-30,TRK-001114
1115,5,1,Low,Received,2024-01-08,2024-01-14,2024-01-14,TRK-001115
1116,5,1,High,Received,2025-05-20,2025-05-26,2025-05-26,TRK-001116
1117,4,1,Normal,Received,2024-01-04,2024-01-08,2024-01-08,TRK-001117
1118,4,1,Normal,Received,2025-05-13,2025-05-17,2025-05-17,TRK-001118
1119,1,1,Normal,Received,2024-01-08,2024-01-15,2024-01-15,TRK-001119
1120,1,1,High,Cancelled,2025-05-22,2025-05-29,,TRK-001120
1121,1,1,Normal,Received,2024-01-04,2024-01-11,2024-01-11,TRK-001121
1122,1,1,Normal,Received,2025-05-18,2025-05-25,2025-05-25,TRK-001122
1123,1,1,Normal,Received,2024-01-14,2024-01-21,2024-01-21,TRK-001123
1124,1,1,High,Cancelled,2025-05-24,2025-05-31,,TRK-001124
1125,2,1,High,Received,2024-01-05,2024-01-17,2024-01-17,TRK-001125
1126,2,1,Normal,Cancelled,2025-05-17,2025-05-29,,TRK-001126
1127,4,1,High,Received,2024-01-02,2024-01-06,2024-01-06,TRK-001127
1128,4,1,Normal,Received,2025-05-20,2025-05-24,2025-05-24,TRK-001128
1129,5,1,Low,Received,2024-01-13,2024-01-19,2024-01-19,TRK-001129
1130,5,1,Normal,Received,2025-05-29,2025-06-04,2025-06-04,TRK-001130
1131,4,1,Normal,Cancelled,2024-01-14,2024-01-18,,TRK-001131
1132,4,1,Normal,Received,2025-05-30,2025-06-03,2025-06-03,TRK-001132
1133,5,1,Low,Cancelled,2024-01-02,2024-01-08,,TRK-001133
1134,5,1,Low,Cancelled,2025-05-12,2025-05-18,,TRK-001134
1135,4,1,Low,Received,2024-01-06,2024-01-10,2024-01-10,TRK-001135
1136,4,1,High,Received,2025-05-25,2025-05-29,2025-05-29,TRK-001136
1137,4,1,High,Received,2024-01-09,2024-01-13,2024-01-13,TRK-001137
1138,4,1,High,Received,2025-05-22,2025-05-26,2025-05-26,TRK-001138
1139,4,1,Normal,Received,2024-01-06,2024-01-10,2024-01-10,TRK-001139
1140,4,1,Normal,Received,2025-05-18,2025-05-22,2025-05-27,TRK-001140
1141,4,1,High,Received,2024-01-09,2024-01-13,2024-01-13,TRK-001141
1142,4,1,Normal,Cancelled,2025-05-23,2025-05-27,,TRK-001142
1143,4,1,High,Received,2024-01-07,2024-01-11,2024-01-11,TRK-001143
1144,4,1,Low,Received,2025-05-23,2025-05-27,2025-05-27,TRK-001144
1145,3,1,Normal,Received,2024-01-02,2024-01-07,2024-01-07,TRK-001145
1146,3,1,Low,Received,2025-05-13,2025-05-18,2025-05-18,TRK-001146
1147,4,1,High,Received,2024-01-11,2024-01-15,2024-01-15,TRK-001147
1148,4,1,High,Received,2025-05-28,2025-06-01,2025-06-01,TRK-001148
1149,3,1,High,Cancelled,2024-01-15,2024-01-20,,TRK-001149
1150,3,1,High,Received,2025-06-03,2025-06-08,2025-06-08,TRK-001150
1151,1,1,Normal,Received,2024-01-10,2024-01-17,2024-01-20,TRK-001151
1152,1,1,Normal,Cancelled,2025-05-23,2025-05-30,,TRK-001152
1153,4,1,Normal,Cancelled,2024-01-07,2024-01-11,,TRK-001153
1154,4,1,Normal,Received,2025-05-18,2025-05-22,2025-05-22,TRK-001154
1155,4,1,Low,Received,2024-01-07,2024-01-11,2024-01-11,TRK-001155
1156,4,1,Normal,Received,2025-05-18,2025-05-22,2025-05-22,TRK-001156
1157,3,1,High,Received,2024-01-15,2024-01-20,2024-01-20,TRK-001157
1158,3,1,Normal,Received,2025-05-31,2025-06-05,2025-06-05,TRK-001158
1159,3,1,High,Received,2024-01-05,2024-01-10,2024-01-10,TRK-001159
1160,3,1,Normal,Received,2025-05-24,2025-05-29,2025-05-29,TRK-001160
1161,4,1,Normal,Received,2024-01-10,2024-01-14,2024-01-14,TRK-001161
1162,4,1,Normal,Received,2025-05-22,2025-05-26,2025-05-26,TRK-001162
1163,4,1,Normal,Cancelled,2024-01-06,2024-01-10,,TRK-001163
1164,4,1,High,Received,2025-05-21,2025-05-25,2025-05-25,TRK-001164
1165,4,1,Low,Received,2024-01-06,2024-01-10,2024-01-10,TRK-001165
1166,4,1,High,Received,2025-05-17,2025-05-21,2025-05-21,TRK-001166
1167,3,1,High,Received,2024-01-14,2024-01-19,2024-01-19,TRK-001167
1168,3,1,High,Cancelled,2025-05-26,2025-05-31,,TRK-001168
1169,2,1,Normal,Received,2024-01-13,2024-01-25,2024-01-25,TRK-001169
1170,2,1,Normal,Received,2025-05-28,2025-06-09,2025-06-09,TRK-001170
1171,2,1,Normal,Received,2024-01-03,2024-01-15,2024-01-15,TRK-001171
1172,2,1,High,Received,2025-05-16,2025-05-28,2025-05-28,TRK-001172
1173,2,1,Normal,Received,2024-01-09,2024-01-21,2024-01-21,TRK-001173
1174,2,1,High,Received,2025-05-27,2025-06-08,2025-06-08,TRK-001174
1175,3,1,Normal,Received,2024-01-02,2024-01-07,2024-01-12,TRK-001175
1176,3,1,High,Received,2025-05-18,2025-05-23,2025-05-27,TRK-001176
1177,2,1,High,Received,2024-01-13,2024-01-25,2024-01-25,TRK-001177
1178,2,1,Low,Cancelled,2025-05-26,2025-06-07,,TRK-001178
1179,5,1,Normal,Received,2024-01-03,2024-01-09,2024-01-14,TRK-001179
1180,5,1,Normal,Cancelled,2025-05-19,2025-05-25,,TRK-001180
1181,4,1,Low,Received,2024-01-10,2024-01-14,2024-01-14,TRK-001181
1182,4,1,Low,Received,2025-05-20,2025-05-24,2025-05-24,TRK-001182
1183,3,1,Normal,Cancelled,2024-01-05,2024-01-10,,TRK-001183
1184,3,1,High,Cancelled,2025-05-21,2025-05-26,,TRK-001184
1185,3,1,High,Received,2024-01-13,2024-01-18,2024-01-18,TRK-001185
1186,3,1,Normal,Received,2025-05-24,2025-05-29,2025-05-29,TRK-001186
1187,3,1,Normal,Received,2024-01-03,2024-01-08,2024-01-08,TRK-001187
1188,3,1,Normal,Cancelled,2025-05-14,2025-05-19,,TRK-001188
1189,1,1,Normal,Received,2024-01-09,2024-01-16,2024-01-16,TRK-001189
1190,1,1,High,Received,2024-07-26,2024-08-02,2024-08-02,TRK-001190
1191,1,1,Low,Received,2025-02-06,2025-02-13,2025-02-13,TRK-001191
1192,1,1,Normal,Received,2025-08-30,2025-09-06,2025-09-06,TRK-001192
1193,4,1,Normal,Received,2024-01-08,2024-01-12,2024-01-12,TRK-001193
1194,4,1,Low,Received,2025-05-17,2025-05-21,2025-05-21,TRK-001194
1195,4,1,Normal,Received,2024-01-01,2024-01-05,2024-01-05,TRK-001195
1196,4,1,Low,Received,2025-05-20,2025-05-24,2025-05-27,TRK-001196
1197,2,1,Normal,Received,2024-01-13,2024-01-25,2024-01-25,TRK-001197
1198,2,1,Low,Received,2025-05-31,2025-06-12,2025-06-12,TRK-001198
1199,4,1,Normal,Received,2024-01-01,2024-01-05,2024-01-05,TRK-001199
1200,4,1,High,Received,2025-05-14,2025-05-18,2025-05-18,TRK-001200
1201,5,1,Low,Received,2024-01-03,2024-01-09,2024-01-09,TRK-001201
1202,5,1,High,Received,2025-05-16,2025-05-22,2025-05-22,TRK-001202
1203,4,1,Normal,Received,2024-01-06,2024-01-10,2024-01-10,TRK-001203
1204,4,1,Normal,Cancelled,2025-05-20,2025-05-24,,TRK-001204
1205,4,1,Low,Cancelled,2024-01-08,2024-01-12,,TRK-001205
1206,4,1,Low,Received,2025-05-17,2025-05-21,2025-05-21,TRK-001206
1207,4,1,Normal,Received,2024-01-08,2024-01-12,2024-01-12,TRK-001207
1208,4,1,Low,Received,2025-05-17,2025-05-21,2025-05-21,TRK-001208
1209,4,1,Normal,Received,2024-01-05,2024-01-09,2024-01-09,TRK-001209
1210,4,1,Low,Received,2025-05-23,2025-05-27,2025-05-30,TRK-001210
1211,4,1,Low,Received,2024-01-15,2024-01-19,2024-01-19,TRK-001211
1212,4,1,Normal,Received,2025-06-01,2025-06-05,2025-06-07,TRK-001212
1213,4,1,Normal,Received,2024-01-06,2024-01-10,2024-01-10,TRK-001213
1214,4,1,Normal,Received,2025-05-19,2025-05-23,2025-05-23,TRK-001214
1215,4,1,Normal,Received,2024-01-15,2024-01-19,2024-01-19,TRK-001215
1216,4,1,High,Received,2025-05-31,2025-06-04,2025-06-04,TRK-001216
1217,4,1,Low,Received,2024-01-07,2024-01-11,2024-01-11,TRK-001217
1218,4,1,Low,Received,2025-05-21,2025-05-25,2025-05-25,TRK-001218
1219,4,1,Normal,Cancelled,2024-01-11,2024-01-15,,TRK-001219
1220,4,1,Low,Received,2025-05-30,2025-06-03,2025-06-03,TRK-001220
1221,3,1,High,Received,2024-01-02,2024-01-07,2024-01-07,TRK-001221
1222,3,1,Low,Cancelled,2025-05-21,2025-05-26,,TRK-001222
1223,4,1,Low,Received,2024-01-03,2024-01-07,2024-01-07,TRK-001223
1224,4,1,High,Received,2025-05-19,2025-05-23,2025-05-23,TRK-001224
1225,5,1,Normal,Received,2024-01-01,2024-01-07,2024-01-07,TRK-001225
1226,5,1,High,Cancelled,2025-05-17,2025-05-23,,TRK-001226
1227,4,1,Low,Received,2024-01-10,2024-01-14,2024-01-14,TRK-001227
1228,4,1,Low,Received,2025-05-28,2025-06-01,2025-06-01,TRK-001228
1229,4,1,Normal,Received,2024-01-04,2024-01-08,2024-01-08,TRK-001229
1230,4,1,Normal,Received,2025-05-22,2025-05-26,2025-05-26,TRK-001230
1231,3,1,High,Received,2024-01-05,2024-01-10,2024-01-10,TRK-001231
1232,3,1,Normal,Received,2025-05-22,2025-05-27,2025-05-27,TRK-001232
1233,4,1,Low,Received,2024-01-13,2024-01-17,2024-01-18,TRK-001233
1234,4,1,Normal,Received,2025-05-25,2025-05-29,2025-05-29,TRK-001234
1235,4,1,Normal,Received,2024-01-04,2024-01-08,2024-01-08,TRK-001235
1236,4,1,Low,Cancelled,2025-05-18,2025-05-22,,TRK-001236
1237,3,1,Normal,Received,2024-01-15,2024-01-20,2024-01-20,TRK-001237
1238,3,1,Normal,Received,2025-05-25,2025-05-30,2025-05-30,TRK-001238
1239,4,1,Low,Received,2024-01-03,2024-01-07,2024-01-07,TRK-001239
1240,4,1,Low,Received,2025-05-16,2025-05-20,2025-05-20,TRK-001240
1241,5,1,Normal,Received,2024-01-12,2024-01-18,2024-01-18,TRK-001241
1242,5,1,High,Received,2025-05-26,2025-06-01,2025-06-01,TRK-001242
1243,4,1,High,Received,2024-01-12,2024-01-16,2024-01-16,TRK-001243
1244,4,1,Low,Received,2025-05-21,2025-05-25,2025-05-25,TRK-001244
1245,3,1,Low,Received,2024-01-08,2024-01-13,2024-01-13,TRK-001245
1246,3,1,High,Received,2025-05-17,2025-05-22,2025-05-26,TRK-001246
1247,4,1,Normal,Received,2024-01-02,2024-01-06,2024-01-06,TRK-001247
1248,4,1,Low,Received,2025-05-16,2025-05-20,2025-05-20,TRK-001248
1249,3,1,Normal,Received,2024-01-01,2024-01-06,2024-01-06,TRK-001249
1250,3,1,Normal,Received,2025-05-17,2025-05-22,2025-05-23,TRK-001250
1251,5,1,Normal,Received,2024-01-06,2024-01-12,2024-01-12,TRK-001251
1252,5,1,High,Received,2025-05-24,2025-05-30,2025-06-02,TRK-001252
1253,4,1,Low,Received,2024-01-02,2024-01-06,2024-01-06,TRK-001253
1254,4,1,Low,Received,2025-05-16,2025-05-20,2025-05-20,TRK-001254
1255,4,1,Normal,Received,2024-01-14,2024-01-18,2024-01-18,TRK-001255
1256,4,1,Low,Cancelled,2025-06-01,2025-06-05,,TRK-001256
1257,4,1,High,Received,2024-01-04,2024-01-08,2024-01-08,TRK-001257
1258,4,1,Normal,Received,2025-05-18,2025-05-22,2025-05-22,TRK-001258
1259,4,1,High,Received,2024-01-12,2024-01-16,2024-01-16,TRK-001259
1260,4,1,High,Received,2025-05-24,2025-05-28,2025-05-28,TRK-001260
1261,2,1,Low,Received,2024-01-09,2024-01-21,2024-01-21,TRK-001261
1262,2,1,Normal,Received,2025-05-27,2025-06-08,2025-06-08,TRK-001262
1263,4,1,Normal,Cancelled,2024-01-06,2024-01-10,,TRK-001263
1264,4,1,Normal,Received,2025-05-25,2025-05-29,2025-05-29,TRK-001264
1265,2,1,Normal,Received,2024-01-09,2024-01-21,2024-01-21,TRK-001265
1266,2,1,Normal,Cancelled,2025-05-21,2025-06-02,,TRK-001266
1267,3,1,Low,Received,2024-01-01,2024-01-06,2024-01-06,TRK-001267
1268,3,1,Normal,Received,2025-05-15,2025-05-20,2025-05-20,TRK-001268
1269,4,1,Low,Received,2024-01-14,2024-01-18,2024-01-18,TRK-001269
1270,4,1,Low,Received,2025-05-29,2025-06-02,2025-06-02,TRK-001270
1271,4,1,Low,Received,2024-01-09,2024-01-13,2024-01-18,TRK-001271
1272,4,1,Normal,Received,2025-05-27,2025-05-31,2025-05-31,TRK-001272
1273,4,1,Normal,Cancelled,2024-01-02,2024-01-06,,TRK-001273
1274,4,1,Normal,Received,2025-05-20,2025-05-24,2025-05-24,TRK-001274
1275,1,1,Normal,Received,2024-01-13,2024-01-20,2024-01-20,TRK-001275
1276,1,1,Low,Received,2025-05-31,2025-06-07,2025-06-07,TRK-001276
1277,4,1,Normal,Received,2024-01-07,2024-01-11,2024-01-11,TRK-001277
1278,4,1,High,Received,2025-05-26,2025-05-30,2025-05-30,TRK-001278
1279,4,1,High,Received,2024-01-11,2024-01-15,2024-01-15,TRK-001279
1280,4,1,Low,Received,2025-05-23,2025-05-27,2025-05-29,TRK-001280
1281,5,1,Normal,Received,2024-01-07,2024-01-13,2024-01-13,TRK-001281
1282,5,1,High,Received,2025-05-20,2025-05-26,2025-05-26,TRK-001282
1283,4,1,High,Received,2024-01-12,2024-01-16,2024-01-16,TRK-001283
1284,4,1,High,Cancelled,2025-05-27,2025-05-31,,TRK-001284
1285,4,1,Normal,Received,2024-01-09,2024-01-13,2024-01-13,TRK-001285
1286,4,1,Normal,Received,2025-05-26,2025-05-30,2025-05-30,TRK-001286
1287,3,1,High,Received,2024-01-15,2024-01-20,2024-01-24,TRK-001287
1288,3,1,Low,Received,2025-05-25,2025-05-30,2025-05-30,TRK-001288
1289,4,1,Normal,Received,2024-01-10,2024-01-14,2024-01-14,TRK-001289
1290,4,1,Normal,Received,2025-05-26,2025-05-30,2025-05-30,TRK-001290
1291,2,1,High,Cancelled,2024-01-04,2024-01-16,,TRK-001291
1292,2,1,Normal,Received,2025-05-15,2025-05-27,2025-05-27,TRK-001292
1293,4,1,Normal,Received,2024-01-03,2024-01-07,2024-01-07,TRK-001293
1294,4,1,Normal,Received,2025-05-14,2025-05-18,2025-05-18,TRK-001294
1295,4,1,High,Received,2024-01-09,2024-01-13,2024-01-16,TRK-001295
1296,4,1,High,Received,2025-05-27,2025-05-31,2025-05-31,TRK-001296
1297,4,1,High,Cancelled,2024-01-12,2024-01-16,,TRK-001297
1298,4,1,High,Received,2025-05-27,2025-05-31,2025-05-31,TRK-001298
1299,4,1,Low,Received,2024-01-03,2024-01-07,2024-01-07,TRK-001299
1300,4,1,High,Received,2025-05-19,2025-05-23,2025-05-27,TRK-001300
1301,3,1,Low,Cancelled,2024-01-10,2024-01-15,,TRK-001301
1302,3,1,Normal,Received,2025-05-27,2025-06-01,2025-06-01,TRK-001302
1303,3,1,Normal,Cancelled,2024-01-04,2024-01-09,,TRK-001303
1304,3,1,Normal,Cancelled,2024-07-26,2024-07-31,,TRK-001304
1305,3,1,Normal,Received,2025-02-07,2025-02-12,2025-02-16,TRK-001305
1306,3,1,Normal,Cancelled,2025-08-21,2025-08-26,,TRK-001306
1307,4,1,High,Received,2024-01-01,2024-01-05,2024-01-05,TRK-001307
1308,4,1,Low,Cancelled,2025-05-13,2025-05-17,,TRK-001308
1309,3,1,Normal,Received,2024-01-13,2024-01-18,2024-01-18,TRK-001309
1310,3,1,High,Received,2025-05-27,2025-06-01,2025-06-01,TRK-001310
1311,5,1,Normal,Received,2024-01-09,2024-01-15,2024-01-15,TRK-001311
1312,5,1,High,Received,2025-05-25,2025-05-31,2025-05-31,TRK-001312
1313,2,1,Low,Received,2024-01-13,2024-01-25,2024-01-25,TRK-001313
1314,2,1,Normal,Received,2025-05-30,2025-06-11,2025-06-11,TRK-001314
1315,4,1,High,Received,2024-01-11,2024-01-15,2024-01-15,TRK-001315
1316,4,1,Normal,Received,2025-05-22,2025-05-26,2025-05-26,TRK-001316
1317,5,1,Normal,Received,2024-01-08,2024-01-14,2024-01-14,TRK-001317
1318,5,1,High,Received,2025-05-20,2025-05-26,2025-05-26,TRK-001318
1319,3,1,High,Received,2024-01-01,2024-01-06,2024-01-06,TRK-001319
1320,3,1,Normal,Received,2025-05-13,2025-05-18,2025-05-18,TRK-001320
1321,4,1,High,Cancelled,2024-01-07,2024-01-11,,TRK-001321
1322,4,1,Low,Received,2025-05-16,2025-05-20,2025-05-20,TRK-001322
1323,1,1,Normal,Cancelled,2024-01-09,2024-01-16,,TRK-001323
1324,1,1,Low,Received,2024-08-01,2024-08-08,2024-08-08,TRK-001324
1325,1,1,Normal,Received,2025-02-18,2025-02-25,2025-02-25,TRK-001325
1326,1,1,Normal,Received,2025-09-11,2025-09-18,2025-09-18,TRK-001326
1327,2,1,Normal,Received,2024-01-10,2024-01-22,2024-01-22,TRK-001327
1328,2,1,Normal,Received,2024-08-02,2024-08-14,2024-08-14,TRK-001328
1329,2,1,Normal,Received,2025-02-17,2025-03-01,2025-03-06,TRK-001329
1330,2,1,Normal,Received,2025-09-06,2025-09-18,2025-09-18,TRK-001330
